target,group,cov,val,index,coef,std_err,t,p>|t|,[0.025,0.975],mse,rss,n_vars
fev1,Baseline,Baseline,,Intercept,4108.974468719952,11.447899512074107,358.92824394433353,0.0,4086.5368244669025,4131.412112973001,244592.64418022597,38285108222.95405,0
fev1,Baseline,Baseline,,sex[T.True],-1302.9825421288417,18.314352822460872,-71.1454319330822,0.0,-1338.8782916435707,-1267.0867926141127,244592.64418022597,38285108222.95405,0
fev1,Baseline,Baseline,,race_0[T.True],1453.6108800872255,4.68136283894615,310.51019331252195,0.0,1444.4355065709806,1462.7862536034704,244592.64418022597,38285108222.95405,0
fev1,Baseline,Baseline,,race_1[T.True],815.8386562280035,9.51405239407583,85.7509105936821,0.0,797.1913119883033,834.4860004677038,244592.64418022597,38285108222.95405,0
fev1,Baseline,Baseline,,race_2[T.True],708.181781466203,7.785134042657928,90.96590727735526,0.0,692.923081131943,723.440481800463,244592.64418022597,38285108222.95405,0
fev1,Baseline,Baseline,,race_4[T.True],1131.3431509385734,8.881980234932705,127.37510341320245,0.0,1113.9346549464624,1148.7516469306845,244592.64418022597,38285108222.95405,0
fev1,Baseline,Baseline,,age,-37.61127704060856,0.24168217890753432,-155.62288130064542,0.0,-38.0849690700424,-37.13758501117473,244592.64418022597,38285108222.95405,0
fev1,Baseline,Baseline,,sex[T.True]:age,6.441964495886131,0.3175829956792076,20.284349551237295,2.3187147691813239e-91,5.819508448787528,7.064420542984734,244592.64418022597,38285108222.95405,0
fev1,anthropometrics,height,,Intercept,-712.8111523758457,28.26703575769063,-25.217046402961117,4.970314507765609e-140,-768.2139528443225,-657.4083519073689,201324.07691902117,31512452463.826706,8
fev1,anthropometrics,height,,sex[T.True],-885.273979684486,16.77107555404741,-52.78576062886082,0.0,-918.1449379458184,-852.4030214231536,201324.07691902117,31512452463.826706,8
fev1,anthropometrics,height,,race_0[T.True],156.31180855078233,8.250422033988484,18.94591669454476,5.8673757837991585e-80,140.1411534581122,172.48246364345246,201324.07691902117,31512452463.826706,8
fev1,anthropometrics,height,,race_1[T.True],-418.92279461886125,10.946634031868022,-38.26955330737159,0.0,-440.377968987614,-397.4676202501085,201324.07691902117,31512452463.826706,8
fev1,anthropometrics,height,,race_2[T.True],-379.651069570222,9.223121446591012,-41.162969800267135,0.0,-397.72819522224535,-361.5739439181986,201324.07691902117,31512452463.826706,8
fev1,anthropometrics,height,,race_4[T.True],-70.5490967375398,10.386392224352361,-6.792454512946997,1.1063312137896617e-11,-90.90620884953668,-50.19198462554291,201324.07691902117,31512452463.826706,8
fev1,anthropometrics,height,,age,-32.89242758503242,0.22077077122721536,-148.98905050786738,0.0,-33.32513369162322,-32.45972147844162,201324.07691902117,31512452463.826706,8
fev1,anthropometrics,height,,sex[T.True]:age,6.762600398453436,0.2881328563195556,23.47042432034662,1.3289025923730772e-121,6.197866010174273,7.3273347867325995,201324.07691902117,31512452463.826706,8
fev1,anthropometrics,height,,height,33.2675497324306,0.18138454116568217,183.40895822011097,0.0,32.912039815210704,33.6230596496505,201324.07691902117,31512452463.826706,8
fev1,anthropometrics,waist_circ,,Intercept,-425.60613422699595,28.295783853919918,-15.04132687838705,4.273854441562776e-51,-481.06528036717134,-370.14698808682056,196417.18976995014,30744397045.931217,9
fev1,anthropometrics,waist_circ,,sex[T.True],-957.109785898552,16.605273103101176,-57.63890662658259,0.0,-989.6557748160787,-924.5637969810252,196417.18976995014,30744397045.931217,9
fev1,anthropometrics,waist_circ,,race_0[T.True],219.20686294809522,8.211121107028895,26.696337819259476,1.168188921865327e-156,203.11323685170035,235.3004890444901,196417.18976995014,30744397045.931217,9
fev1,anthropometrics,waist_circ,,race_1[T.True],-331.300728494019,10.902865825575914,-30.38657301613807,3.2180933380716994e-202,-352.6701180924475,-309.93133889559044,196417.18976995014,30744397045.931217,9
fev1,anthropometrics,waist_circ,,race_2[T.True],-312.6669184006857,9.172823386562014,-34.0862246250959,1.0125177781140896e-253,-330.64546090509793,-294.68837589627344,196417.18976995014,30744397045.931217,9
fev1,anthropometrics,waist_circ,,race_4[T.True],-0.8453502802924653,10.319452378778852,-0.08191813375977801,0.9347119189962768,-21.0712616922498,19.38056113166487,196417.18976995014,30744397045.931217,9
fev1,anthropometrics,waist_circ,,age,-31.89940921730062,0.21864191998960886,-145.89795597667944,0.0,-32.32794281989217,-31.470875614709065,196417.18976995014,30744397045.931217,9
fev1,anthropometrics,waist_circ,,sex[T.True]:age,6.901168946724074,0.28460939023826587,24.247861045437176,1.2103922270254158e-129,6.343340478441386,7.458997415006763,196417.18976995014,30744397045.931217,9
fev1,anthropometrics,waist_circ,,height,34.351997002188504,0.17999844469437518,190.84607681202914,0.0,33.99920380512262,34.70479019925439,196417.18976995014,30744397045.931217,9
fev1,anthropometrics,waist_circ,,waist_circ,-6.219467185388611,0.09946244588819927,-62.53080878766646,0.0,-6.414411504671315,-6.024522866105907,196417.18976995014,30744397045.931217,9
fev1,anthropometrics,sit_height,,Intercept,-569.254262996261,29.06733623970786,-19.583984521382558,2.681049907588827e-85,-626.2256357218093,-512.2828902707126,195862.07122476527,30657506560.527607,10
fev1,anthropometrics,sit_height,,sex[T.True],-961.5788828247307,16.583201957269136,-57.98511561895494,0.0,-994.0816127584083,-929.0761528910532,195862.07122476527,30657506560.527607,10
fev1,anthropometrics,sit_height,,race_0[T.True],169.93408572075614,8.526741413155555,19.929546058306858,2.9049359683943144e-88,153.22185040695928,186.646321034553,195862.07122476527,30657506560.527607,10
fev1,anthropometrics,sit_height,,race_1[T.True],-351.4766441367249,10.929543477576035,-32.15840120475698,3.704324024176851e-226,-372.8983213776707,-330.05496689577905,195862.07122476527,30657506560.527607,10
fev1,anthropometrics,sit_height,,race_2[T.True],-345.60022914885485,9.292384636742442,-37.191769675820176,1.9430615076592853e-301,-363.8131092106273,-327.3873490870824,195862.07122476527,30657506560.527607,10
fev1,anthropometrics,sit_height,,race_4[T.True],-42.1114754313878,10.489498968762836,-4.014631733774274,5.956639408736328e-05,-62.67067461377729,-21.552276248998318,195862.07122476527,30657506560.527607,10
fev1,anthropometrics,sit_height,,age,-31.493966611825183,0.21918041294428942,-143.6896946618593,0.0,-31.92355564939687,-31.064377574253495,195862.07122476527,30657506560.527607,10
fev1,anthropometrics,sit_height,,sex[T.True]:age,7.038695483947112,0.2842828279660608,24.75948172566874,4.4685174416470917e-135,6.481507070878748,7.595883897015477,195862.07122476527,30657506560.527607,10
fev1,anthropometrics,sit_height,,height,30.235064251494254,0.2655484888652752,113.85892038283778,0.0,29.714594752291127,30.75553375069738,195862.07122476527,30657506560.527607,10
fev1,anthropometrics,sit_height,,waist_circ,-6.3145156677911,0.09942458216572372,-63.51060804324916,0.0,-6.509385774977168,-6.119645560605032,195862.07122476527,30657506560.527607,10
fev1,anthropometrics,sit_height,,sit_height,9.740615564967563,0.46247614509011864,21.06187674408481,2.4391620420037536e-98,8.83417196720125,10.647059162733875,195862.07122476527,30657506560.527607,10
fev1,anthropometrics,bmi,,Intercept,-633.4689308904258,30.012791199896707,-21.106631724829576,9.498953322262042e-99,-692.2933756199728,-574.6444861608787,195770.37441793014,30643153626.140934,11
fev1,anthropometrics,bmi,,sex[T.True],-964.8073159419907,16.583659710322298,-58.17819062830011,0.0,-997.3109430637103,-932.3036888202712,195770.37441793014,30643153626.140934,11
fev1,anthropometrics,bmi,,race_0[T.True],154.1601394869533,8.721570343554136,17.675731939820754,7.544000946142809e-70,137.0660435325916,171.25423544131502,195770.37441793014,30643153626.140934,11
fev1,anthropometrics,bmi,,race_1[T.True],-373.14443537764316,11.216237150956115,-33.26823696357338,7.826009525263918e-242,-395.1280262394681,-351.1608445158182,195770.37441793014,30643153626.140934,11
fev1,anthropometrics,bmi,,race_2[T.True],-356.7621823422397,9.381259101503758,-38.02924303466396,0.0,-375.14925450205493,-338.3751101824245,195770.37441793014,30643153626.140934,11
fev1,anthropometrics,bmi,,race_4[T.True],-57.7224526575595,10.644390726017908,-5.422804756355802,5.8757598322464735e-08,-78.58523645437272,-36.85966886074628,195770.37441793014,30643153626.140934,11
fev1,anthropometrics,bmi,,age,-31.237448617579957,0.22116836987102198,-141.2383182812108,0.0,-31.670934009283435,-30.80396322587648,195770.37441793014,30643153626.140934,11
fev1,anthropometrics,bmi,,sex[T.True]:age,6.944824815331475,0.2844285573231808,24.416763494814784,2.00356973208683e-131,6.387350775735324,7.502298854927626,195770.37441793014,30643153626.140934,11
fev1,anthropometrics,bmi,,height,31.18243490978806,0.2876214893475592,108.41483013151179,0.0,30.618702790023946,31.746167029552176,195770.37441793014,30643153626.140934,11
fev1,anthropometrics,bmi,,waist_circ,-7.972594244280948,0.21767416463893108,-36.62627697460357,1.9114493886858528e-292,-8.39923106661346,-7.545957421948436,195770.37441793014,30643153626.140934,11
fev1,anthropometrics,bmi,,sit_height,8.953103662217613,0.4714287222690415,18.991425934179997,2.4738139447886215e-80,8.02911319987329,9.877094124561935,195770.37441793014,30643153626.140934,11
fev1,anthropometrics,bmi,,bmi,4.744775268803019,0.554158557397679,8.562125776933623,1.1178622273601545e-17,3.658636055228059,5.830914482377978,195770.37441793014,30643153626.140934,11
fev1,anthropometrics,weight,,Intercept,-1419.762837037488,103.94569573245106,-13.65869771742986,1.8950545474015866e-42,-1623.4942325303216,-1216.0314415446544,195692.3254927934,30630936940.08498,12
fev1,anthropometrics,weight,,sex[T.True],-968.7606249249349,16.587954931001388,-58.40145026644658,0.0,-1001.2726705911999,-936.2485792586698,195692.3254927934,30630936940.08498,12
fev1,anthropometrics,weight,,race_0[T.True],-42.4799774154199,26.37184225768682,-1.6108081111791843,0.10722356916972323,-94.16823816557695,9.208283334737153,195692.3254927934,30630936940.08498,12
fev1,anthropometrics,weight,,race_1[T.True],-570.5650996200718,27.38832086520019,-20.832423514690024,2.975215074284212e-96,-624.2456372388194,-516.8845620013242,195692.3254927934,30630936940.08498,12
fev1,anthropometrics,weight,,race_2[T.True],-552.7569443657586,26.520791952199456,-20.842399629771112,2.41703057158523e-96,-604.7371434103054,-500.77674532121176,195692.3254927934,30630936940.08498,12
fev1,anthropometrics,weight,,race_4[T.True],-253.96081563649224,27.021624082486014,-9.39842900860634,5.609381033863338e-21,-306.9226352098348,-200.99899606314966,195692.3254927934,30630936940.08498,12
fev1,anthropometrics,weight,,age,-31.310702429490515,0.2213192769229615,-141.47300165086563,0.0,-31.74448359588953,-30.8769212630915,195692.3254927934,30630936940.08498,12
fev1,anthropometrics,weight,,sex[T.True]:age,7.014292731721815,0.2845086567826389,24.654057317773102,6.009209180294265e-134,6.456661698828329,7.571923764615301,195692.3254927934,30630936940.08498,12
fev1,anthropometrics,weight,,height,37.00670309396791,0.791274069948433,46.76850221615327,0.0,35.45582242159428,38.55758376634154,195692.3254927934,30630936940.08498,12
fev1,anthropometrics,weight,,waist_circ,-7.7794686394252555,0.21899988189548497,-35.522707008298354,2.7637639729257463e-275,-8.208703839949328,-7.350233438901182,195692.3254927934,30630936940.08498,12
fev1,anthropometrics,weight,,sit_height,9.083364894982592,0.4716245090087963,19.259738884378415,1.4583943194346162e-82,8.158990694666498,10.007739095298687,195692.3254927934,30630936940.08498,12
fev1,anthropometrics,weight,,bmi,22.364626577338328,2.2979177112345526,9.732561992101523,2.222331656126489e-22,17.860755794246742,26.868497360429913,195692.3254927934,30630936940.08498,12
fev1,anthropometrics,weight,,weight,-6.486199366582284,0.8209508028743617,-7.9008380817369535,2.78818746708743e-15,-8.095245816481032,-4.877152916683534,195692.3254927934,30630936940.08498,12
fev1,anthropometrics,hip_circ,,Intercept,-1423.5926157444512,105.28755884833502,-13.520995560312237,1.2408820344291302e-41,-1629.9540349654721,-1217.2311965234303,195692.26015975082,30630926713.765156,13
fev1,anthropometrics,hip_circ,,sex[T.True],-968.3039941630155,16.707853064559945,-57.95502213369022,0.0,-1001.0510376717881,-935.556950654243,195692.26015975082,30630926713.765156,13
fev1,anthropometrics,hip_circ,,race_0[T.True],-43.430452939824534,26.69770344065031,-1.6267486466156746,0.10379250542487473,-95.75739481422676,8.896488934577683,195692.26015975082,30630926713.765156,13
fev1,anthropometrics,hip_circ,,race_1[T.True],-571.5366992799258,27.71625496019317,-20.620992991325203,2.37628212904541e-94,-625.8599808873573,-517.2134176724942,195692.26015975082,30630926713.765156,13
fev1,anthropometrics,hip_circ,,race_2[T.True],-553.7015975452041,26.840912632791447,-20.629015306608792,2.0140331234127624e-94,-606.3092264490996,-501.0939686413086,195692.26015975082,30630926713.765156,13
fev1,anthropometrics,hip_circ,,race_4[T.True],-254.9238659797831,27.34816592898274,-9.321424575299313,1.1621277170388568e-20,-308.5257007637614,-201.3220311958048,195692.26015975082,30630926713.765156,13
fev1,anthropometrics,hip_circ,,age,-31.309787643242647,0.2213561249257581,-141.44531873126988,0.0,-31.74364103097999,-30.875934255505303,195692.26015975082,30630926713.765156,13
fev1,anthropometrics,hip_circ,,sex[T.True]:age,7.014262850896033,0.2845095482159707,24.65387504524635,6.036235865087318e-134,6.456630070784258,7.571895631007808,195692.26015975082,30630926713.765156,13
fev1,anthropometrics,hip_circ,,height,37.05416888274822,0.8180683129315481,45.29471230827239,0.0,35.450772052933985,38.65756571256246,195692.26015975082,30630926713.765156,13
fev1,anthropometrics,hip_circ,,waist_circ,-7.7734885732980255,0.22055753578478138,-35.244719912374,4.817264036438452e-271,-8.205776742976283,-7.341200403619768,195692.26015975082,30630926713.765156,13
fev1,anthropometrics,hip_circ,,sit_height,9.08522621584295,0.4716962235842555,19.260756736205085,1.430075573588641e-82,8.160711456409127,10.009740975276772,195692.26015975082,30630926713.765156,13
fev1,anthropometrics,hip_circ,,bmi,22.54255977169538,2.426182691630919,9.29136946259472,1.541814247584724e-20,17.787292302196533,27.297827241194227,195692.26015975082,30630926713.765156,13
fev1,anthropometrics,hip_circ,,weight,-6.512783550677044,0.8291497415715975,-7.854773660463913,4.03015459457622e-15,-8.137899749485783,-4.8876673518683065,195692.26015975082,30630926713.765156,13
fev1,anthropometrics,hip_circ,,hip_circ,-0.06786292345557349,0.2968778110495077,-0.2285887356002385,0.8191888791178049,-0.6497372407398827,0.5140113938287358,195692.26015975082,30630926713.765156,13
fev1,demographics,income_category,,Intercept,3959.0895615809636,12.101953553692182,327.1446666867339,0.0,3935.3699850480207,3982.8091381139066,242487.11174718273,37955537653.33952,8
fev1,demographics,income_category,,sex[T.True],-1299.95873901678,18.235597235273467,-71.28687490981896,0.0,-1335.7001292251427,-1264.2173488084175,242487.11174718273,37955537653.33952,8
fev1,demographics,income_category,,race_0[T.True],1404.9610680603491,4.844393590379601,290.0179438042436,0.0,1395.4661576714682,1414.45597844923,242487.11174718273,37955537653.33952,8
fev1,demographics,income_category,,race_1[T.True],790.7769828614618,9.497405680790072,83.26242022712864,0.0,772.1622658316497,809.3916998912738,242487.11174718273,37955537653.33952,8
fev1,demographics,income_category,,race_2[T.True],670.3808213102627,7.81910227240127,85.73629017188782,0.0,655.0555439534886,685.7060986670368,242487.11174718273,37955537653.33952,8
fev1,demographics,income_category,,race_4[T.True],1092.9706893488408,8.904740193659608,122.74032319629747,0.0,1075.5175843115103,1110.4237943861713,242487.11174718273,37955537653.33952,8
fev1,demographics,income_category,,age,-35.64340360858147,0.24648986385462338,-144.60393239376165,0.0,-36.126518600252446,-35.1602886169105,242487.11174718273,37955537653.33952,8
fev1,demographics,income_category,,sex[T.True]:age,6.520715618117741,0.316221338275222,20.620732470755854,2.3890553668199325e-94,5.90092839109765,7.140502845137832,242487.11174718273,37955537653.33952,8
fev1,demographics,income_category,,income_category,0.0019270437638483962,5.2272442725643706e-05,36.865385724609176,3.1286638290484866e-296,0.0018245908664468427,0.0020294966612499498,242487.11174718273,37955537653.33952,8
fev1,demographics,hs_grad,,Intercept,3942.08882575846,12.097227996669087,325.8671182227776,0.0,3918.3785112175415,3965.799140299379,241527.0614580799,37805264821.787415,9
fev1,demographics,hs_grad,,sex[T.True],-1320.7742433502272,18.218644004972678,-72.49574902444601,0.0,-1356.4824055825889,-1285.0660811178655,241527.0614580799,37805264821.787415,9
fev1,demographics,hs_grad,,race_0[T.True],1405.091384007906,4.834812432553013,290.6196266368808,0.0,1395.6152524880454,1414.5675155277668,241527.0614580799,37805264821.787415,9
fev1,demographics,hs_grad,,race_1[T.True],784.7077647585319,9.481739035058103,82.75989898658113,0.0,766.1237540266487,803.291775490415,241527.0614580799,37805264821.787415,9
fev1,demographics,hs_grad,,race_2[T.True],665.6105744317458,7.805976380245574,85.2693554282579,0.0,650.3110235490504,680.9101253144412,241527.0614580799,37805264821.787415,9
fev1,demographics,hs_grad,,race_4[T.True],1086.6791025602456,8.89070228405564,122.22646398913484,0.0,1069.253511532064,1104.1046935884272,241527.0614580799,37805264821.787415,9
fev1,demographics,hs_grad,,hs_grad[T.True],65.28941245879011,2.6175676234104213,24.94277965347261,4.747614463717126e-137,60.159034515985766,70.41979040159445,241527.0614580799,37805264821.787415,9
fev1,demographics,hs_grad,,age,-35.76676589510982,0.24605192894688113,-145.36267221392652,0.0,-36.24902254352024,-35.2845092466994,241527.0614580799,37805264821.787415,9
fev1,demographics,hs_grad,,sex[T.True]:age,6.9311801200531535,0.3160244882462125,21.932414663553285,1.8462542827443076e-106,6.311778714953261,7.550581525153046,241527.0614580799,37805264821.787415,9
fev1,demographics,hs_grad,,income_category,0.0015875324372891788,5.39155211196458e-05,29.444813002293543,4.865597294782729e-190,0.0014818591405028126,0.001693205734075545,241527.0614580799,37805264821.787415,9
fev1,demographics,immigrant,,Intercept,3962.798586439602,12.333432928679997,321.3053988581366,0.0,3938.625315157677,3986.9718577215267,241413.7529877609,37787529100.16226,10
fev1,demographics,immigrant,,sex[T.True],-1321.142538055257,18.214478886769236,-72.53254656738591,0.0,-1356.8425367445827,-1285.4425393659315,241413.7529877609,37787529100.16226,10
fev1,demographics,immigrant,,race_0[T.True],1385.6234161967634,5.340766945086976,259.4427786202901,0.0,1375.1556243853768,1396.09120800815,241413.7529877609,37787529100.16226,10
fev1,demographics,immigrant,,race_1[T.True],798.4121950122369,9.613447509194303,83.05159977714918,0.0,779.5700384173846,817.2543516070892,241413.7529877609,37787529100.16226,10
fev1,demographics,immigrant,,race_2[T.True],688.5503390256121,8.250361444462278,83.45699078284305,0.0,672.3798026855516,704.7208753656726,241413.7529877609,37787529100.16226,10
fev1,demographics,immigrant,,race_4[T.True],1090.2126362050121,8.898200624845737,122.52057266060041,0.0,1072.772348584426,1107.6529238255982,241413.7529877609,37787529100.16226,10
fev1,demographics,immigrant,,hs_grad[T.True],67.11610734277124,2.6256260912970717,25.56194408839667,8.000355744455263e-144,61.96993497074403,72.26227971479845,241413.7529877609,37787529100.16226,10
fev1,demographics,immigrant,,immigrant[T.True],-50.18839732277895,5.8556319645687696,-8.570961704297448,1.0353666326049899e-17,-61.66531383298046,-38.711480812577435,241413.7529877609,37787529100.16226,10
fev1,demographics,immigrant,,age,-35.78402038006793,0.24600322963097457,-145.4615877756847,0.0,-36.2661815788588,-35.30185918127706,241413.7529877609,37787529100.16226,10
fev1,demographics,immigrant,,sex[T.True]:age,6.950202284144559,0.31595915481471154,21.997154310089158,4.4602169856198914e-107,6.330928931177041,7.5694756371120775,241413.7529877609,37787529100.16226,10
fev1,demographics,immigrant,,income_category,0.0015947957400192104,5.390970603280215e-05,29.582720021675385,8.457910095698192e-192,0.001489133840676542,0.0017004576393618788,241413.7529877609,37787529100.16226,10
fev1,exposures,pm2p5,10,Intercept,4304.542055330198,15.513111135314785,277.47767793212887,0.0,4274.136681089947,4334.9474295704495,244049.96700985002,38200165136.183784,8
fev1,exposures,pm2p5,10,sex[T.True],-1305.3201255803315,18.29451207655283,-71.35036562430629,0.0,-1341.1769876487085,-1269.4632635119544,244049.96700985002,38200165136.183784,8
fev1,exposures,pm2p5,10,race_0[T.True],1493.734340876572,5.147066324598962,290.2108204313761,0.0,1483.6461982420128,1503.8224835111314,244049.96700985002,38200165136.183784,8
fev1,exposures,pm2p5,10,race_1[T.True],872.3142404509034,9.974023051928826,87.45861483468407,0.0,852.7653633153284,891.8631175864784,244049.96700985002,38200165136.183784,8
fev1,exposures,pm2p5,10,race_2[T.True],756.6931559962135,8.199755599019618,92.28240364708986,0.0,740.6218060592411,772.7645059331859,244049.96700985002,38200165136.183784,8
fev1,exposures,pm2p5,10,race_4[T.True],1181.8003180065305,9.275242112028005,127.41449805110621,0.0,1163.6210369374253,1199.9795990756356,244049.96700985002,38200165136.183784,8
fev1,exposures,pm2p5,10,age,-37.79942628793583,0.2416252605570958,-156.43822256325666,0.0,-38.27300675861346,-37.3258458172582,244049.96700985002,38200165136.183784,8
fev1,exposures,pm2p5,10,sex[T.True]:age,6.47873540442197,0.3172376261866498,20.422342337822638,1.3988764506281146e-92,5.856956274294032,7.100514534549908,244049.96700985002,38200165136.183784,8
fev1,exposures,pm2p5,10,pm2p5_10,-22.717315197925878,1.2177088422669065,-18.65578569310128,1.3762764191330173e-77,-25.103999128817296,-20.33063126703446,244049.96700985002,38200165136.183784,8
fev1,exposures,work_smoke,,Intercept,4302.3085693922,15.501534727742722,277.5408141809638,0.0,4271.925884667819,4332.691254116581,243663.9096936312,38139737128.705315,9
fev1,exposures,work_smoke,,sex[T.True],-1311.4787322439913,18.284277870842164,-71.72712761795198,0.0,-1347.3155354844193,-1275.6419290035633,243663.9096936312,38139737128.705315,9
fev1,exposures,work_smoke,,race_0[T.True],1490.1318438830642,5.148095503545703,289.45303032097013,0.0,1480.0416840787382,1500.2220036873903,243663.9096936312,38139737128.705315,9
fev1,exposures,work_smoke,,race_1[T.True],873.4405683147872,9.966419573748421,87.63835014687042,0.0,853.9065938368811,892.9745427926933,243663.9096936312,38139737128.705315,9
fev1,exposures,work_smoke,,race_2[T.True],757.9303418646655,8.19367035847942,92.50193243133131,0.0,741.8709188714275,773.9897648579034,243663.9096936312,38139737128.705315,9
fev1,exposures,work_smoke,,race_4[T.True],1180.805815329778,9.268147828769342,127.40472391521722,0.0,1162.6404389069842,1198.9711917525717,243663.9096936312,38139737128.705315,9
fev1,exposures,work_smoke,,work_smoke[T.True],63.11095536618625,4.007686185438644,15.74747932996623,7.890502265815519e-56,55.25597403788448,70.96593669448802,243663.9096936312,38139737128.705315,9
fev1,exposures,work_smoke,,age,-37.882839973690125,0.24149294454957548,-156.86934475186396,0.0,-38.35616110777635,-37.4095188396039,243663.9096936312,38139737128.705315,9
fev1,exposures,work_smoke,,sex[T.True]:age,6.615646396450539,0.31710683054336636,20.86251622241801,1.5892434071691172e-96,5.994123623024488,7.23716916987659,243663.9096936312,38139737128.705315,9
fev1,exposures,work_smoke,,pm2p5_10,-22.463133338929666,1.2168562719270966,-18.459972518657043,5.2234831514508915e-76,-24.84814624985649,-20.07812042800284,243663.9096936312,38139737128.705315,9
fev1,exposures,home_smoke,,Intercept,4302.765186399462,15.497518368440751,277.64220593934846,0.0,4272.390373654036,4333.139999144889,243533.5821055748,38119337472.6572,10
fev1,exposures,home_smoke,,sex[T.True],-1308.0047447391253,18.28338655433396,-71.5406164417101,0.0,-1343.8398010195594,-1272.169688458691,243533.5821055748,38119337472.6572,10
fev1,exposures,home_smoke,,race_0[T.True],1490.1691967235292,5.146736608020816,289.5367123316955,0.0,1480.0817003255888,1500.2566931214697,243533.5821055748,38119337472.6572,10
fev1,exposures,home_smoke,,race_1[T.True],873.1655760963439,9.96383100189259,87.63351926889261,0.0,853.6366751643161,892.6944770283717,243533.5821055748,38119337472.6572,10
fev1,exposures,home_smoke,,race_2[T.True],758.0562585847583,8.191516529006039,92.54162594929673,0.0,742.0010570515689,774.1114601179478,243533.5821055748,38119337472.6572,10
fev1,exposures,home_smoke,,race_4[T.True],1181.3741549948838,9.26590658487464,127.49687730753944,0.0,1163.213171362477,1199.5351386272907,243533.5821055748,38119337472.6572,10
fev1,exposures,home_smoke,,work_smoke[T.True],62.6919362990774,4.006888635741366,15.646039108715572,3.893296887006071e-55,54.838518151158404,70.54535444699638,243533.5821055748,38119337472.6572,10
fev1,exposures,home_smoke,,home_smoke[T.True],-41.148723473172794,4.496123647492607,-9.152044449694031,5.651045827506715e-20,-49.961032039361086,-32.3364149069845,243533.5821055748,38119337472.6572,10
fev1,exposures,home_smoke,,age,-37.91165500967251,0.24144965278118774,-157.01681312430676,0.0,-38.38489129281909,-37.438418726525924,243533.5821055748,38119337472.6572,10
fev1,exposures,home_smoke,,sex[T.True]:age,6.564903088347737,0.31707150760706876,20.704802957203274,4.2082413870218455e-95,5.943449547109333,7.186356629586141,243533.5821055748,38119337472.6572,10
fev1,exposures,home_smoke,,pm2p5_10,-22.02803862879197,1.2174632495746902,-18.09339102144337,4.267084245240605e-73,-24.414241203365208,-19.64183605421873,243533.5821055748,38119337472.6572,10
fvc,Baseline,Baseline,,Intercept,4923.306186312829,14.570066823835052,337.90553233831656,0.0,4894.749159253711,4951.863213371947,396200.35657480574,62015657013.22804,0
fvc,Baseline,Baseline,,sex[T.True],-1556.3899715579414,23.309196955922722,-66.77149686885598,0.0,-1602.0755113872906,-1510.7044317285922,396200.35657480574,62015657013.22804,0
fvc,Baseline,Baseline,,race_0[T.True],1813.5856053627112,5.958103433570918,304.38974844647174,0.0,1801.907846912409,1825.2633638130135,396200.35657480574,62015657013.22804,0
fvc,Baseline,Baseline,,race_1[T.True],941.7771058004619,12.108804676434284,77.77622407547082,0.0,918.0441012110231,965.5101103899007,396200.35657480574,62015657013.22804,0
fvc,Baseline,Baseline,,race_2[T.True],799.3208513259556,9.908361190138375,80.67134776248429,0.0,779.9006700708213,818.7410325810898,396200.35657480574,62015657013.22804,0
fvc,Baseline,Baseline,,race_4[T.True],1368.6226238237646,11.304348488948714,121.070455777416,0.0,1346.4663365817246,1390.7789110658046,396200.35657480574,62015657013.22804,0
fvc,Baseline,Baseline,,age,-39.564675754164526,0.30759577275279965,-128.6255509953344,0.0,-40.167557052649876,-38.961794455679176,396200.35657480574,62015657013.22804,0
fvc,Baseline,Baseline,,sex[T.True]:age,5.283203830820575,0.4041968978046546,13.070866846122874,5.0643382714281426e-39,4.490986342227009,6.075421319414142,396200.35657480574,62015657013.22804,0
fvc,anthropometrics,height,,Intercept,-2123.2345928326085,34.723298209094786,-61.1472614164425,0.0,-2191.2915330359156,-2055.1776526293015,303792.5506189701,47551432778.18491,8
fvc,anthropometrics,height,,sex[T.True],-945.9521274977116,20.601631622870407,-45.91636938346114,0.0,-986.3308957531135,-905.5733592423096,303792.5506189701,47551432778.18491,8
fvc,anthropometrics,height,,race_0[T.True],-82.28275724847427,10.134839290997295,-8.118802369324737,4.741833190816633e-16,-102.1468308581889,-62.41868363875963,303792.5506189701,47551432778.18491,8
fvc,anthropometrics,height,,race_1[T.True],-862.6989948877008,13.446872927627865,-64.15610525441976,0.0,-889.0545853401464,-836.3434044352551,303792.5506189701,47551432778.18491,8
fvc,anthropometrics,height,,race_2[T.True],-790.4343033173873,11.32970570929231,-69.76653441837372,0.0,-812.6402901834741,-768.2283164513004,303792.5506189701,47551432778.18491,8
fvc,anthropometrics,height,,race_4[T.True],-387.8185373790388,12.758670474483274,-30.39646945617548,2.3856079423595763e-202,-412.825265378402,-362.8118093796756,303792.5506189701,47551432778.18491,8
fvc,anthropometrics,height,,age,-32.668565530209875,0.271195373681472,-120.46136734094952,0.0,-33.20010280581405,-32.1370282546057,303792.5506189701,47551432778.18491,8
fvc,anthropometrics,height,,sex[T.True]:age,5.7517800264994206,0.35394312936050054,16.250576856490067,2.475228045569198e-59,5.058058875783681,6.44550117721516,303792.5506189701,47551432778.18491,8
fvc,anthropometrics,height,,height,48.61708176867182,0.22281322907026915,218.19656746386153,0.0,48.180372487311864,49.05379105003177,303792.5506189701,47551432778.18491,8
fvc,anthropometrics,waist_circ,,Intercept,-1631.9558277818946,34.34848326669779,-47.51172897826729,0.0,-1699.278138519622,-1564.6335170441673,289435.07763502205,45304114961.89946,9
fvc,anthropometrics,waist_circ,,sex[T.True],-1068.830921157857,20.157276725938896,-53.024569523444505,0.0,-1108.3387630859374,-1029.3230792297763,289435.07763502205,45304114961.89946,9
fvc,anthropometrics,waist_circ,,race_0[T.True],25.302426503810775,9.967547016957406,2.538480777744487,0.011134452227678135,5.76624226073211,44.838610746889444,289435.07763502205,45304114961.89946,9
fvc,anthropometrics,waist_circ,,race_1[T.True],-712.8170021757635,13.235077929002662,-53.85816434172506,0.0,-738.757478849976,-686.876525501551,289435.07763502205,45304114961.89946,9
fvc,anthropometrics,waist_circ,,race_2[T.True],-675.8545119312272,11.134965273565,-60.696598087803814,0.0,-697.6788116064196,-654.0302122560348,289435.07763502205,45304114961.89946,9
fvc,anthropometrics,waist_circ,,race_4[T.True],-268.5867401783701,12.526867578007238,-21.440854108645144,7.796508650426583e-102,-293.1391393369849,-244.03434101975537,289435.07763502205,45304114961.89946,9
fvc,anthropometrics,waist_circ,,age,-30.969957196287304,0.2654112135197614,-116.68669452800424,0.0,-31.490157638650896,-30.44975675392371,289435.07763502205,45304114961.89946,9
fvc,anthropometrics,waist_circ,,sex[T.True]:age,5.988808563493816,0.3454896647717305,17.334262567451038,2.998401442653641e-67,5.311656027009437,6.665961099978195,289435.07763502205,45304114961.89946,9
fvc,anthropometrics,waist_circ,,height,50.47208388138988,0.21850158304626238,230.99184535749401,0.0,50.04382533628004,50.90034242649972,289435.07763502205,45304114961.89946,9
fvc,anthropometrics,waist_circ,,waist_circ,-10.638714385302617,0.12073827591746898,-88.11385042945902,0.0,-10.875358887656352,-10.402069882948881,289435.07763502205,45304114961.89946,9
fvc,anthropometrics,sit_height,,Intercept,-1837.4534415793387,35.265630111230315,-52.10323580732513,0.0,-1906.573341005266,-1768.3335421534114,288299.02263663907,45126292817.222565,10
fvc,anthropometrics,sit_height,,sex[T.True],-1075.2242432430614,20.11938973224475,-53.442189726054735,0.0,-1114.6578274557235,-1035.7906590303994,288299.02263663907,45126292817.222565,10
fvc,anthropometrics,sit_height,,race_0[T.True],-45.18535661002022,10.344976445405281,-4.367854953414542,1.2555324628450565e-05,-65.4612946611681,-24.909418558872353,288299.02263663907,45126292817.222565,10
fvc,anthropometrics,sit_height,,race_1[T.True],-741.6799087536702,13.260149963045949,-55.93299554082126,0.0,-767.6695260929215,-715.690291414419,288299.02263663907,45126292817.222565,10
fvc,anthropometrics,sit_height,,race_2[T.True],-722.9676684421175,11.273884773898768,-64.12764392589217,0.0,-745.0642474413745,-700.8710894428606,288299.02263663907,45126292817.222565,10
fvc,anthropometrics,sit_height,,race_4[T.True],-327.6205077733701,12.72627074025411,-25.74363805864061,7.66130187491805e-146,-352.5637329719287,-302.6772825748115,288299.02263663907,45126292817.222565,10
fvc,anthropometrics,sit_height,,age,-30.389946244033016,0.2659182563815732,-114.28303816954062,0.0,-30.911140479855252,-29.86875200821078,288299.02263663907,45126292817.222565,10
fvc,anthropometrics,sit_height,,sex[T.True]:age,6.185548858513956,0.3449030545953592,17.934166647989972,7.533886778595638e-72,5.509546065705933,6.861551651321978,288299.02263663907,45126292817.222565,10
fvc,anthropometrics,sit_height,,height,44.58255462903738,0.322173821078456,138.38043848441865,0.0,43.95110065982224,45.214008598252526,288299.02263663907,45126292817.222565,10
fvc,anthropometrics,sit_height,,waist_circ,-10.77468717169479,0.12062579486833909,-89.3232428723489,0.0,-11.011111213550121,-10.538263129839459,288299.02263663907,45126292817.222565,10
fvc,anthropometrics,sit_height,,sit_height,13.934558512310403,0.5610941619664468,24.834616819883582,6.9642902034979e-136,12.834825658501407,15.0342913661194,288299.02263663907,45126292817.222565,10
fvc,anthropometrics,weight,,Intercept,-1955.25249479186,40.682604835648874,-48.06114315174171,0.0,-2034.9895516910153,-1875.5154378927048,288236.9459429094,45116576200.659836,11
fvc,anthropometrics,weight,,sex[T.True],-1073.4963711124376,20.119489051440294,-53.35604539299119,0.0,-1112.9301499905996,-1034.0625922342756,288236.9459429094,45116576200.659836,11
fvc,anthropometrics,weight,,race_0[T.True],-74.872810006275,11.53874011358562,-6.488820206473006,8.67679580901263e-11,-97.48849994792096,-52.25712006462904,288236.9459429094,45116576200.659836,11
fvc,anthropometrics,weight,,race_1[T.True],-766.8288920962406,13.948404911570211,-54.97609919971247,0.0,-794.1674747799074,-739.4903094125738,288236.9459429094,45116576200.659836,11
fvc,anthropometrics,weight,,race_2[T.True],-756.1990870879738,12.64260075141428,-59.813570163036324,0.0,-780.9783208548704,-731.4198533210772,288236.9459429094,45116576200.659836,11
fvc,anthropometrics,weight,,race_4[T.True],-357.35170560139255,13.716689981808331,-26.052327935918058,2.6426342106811947e-149,-384.23613185595536,-330.46727934682974,288236.9459429094,45116576200.659836,11
fvc,anthropometrics,weight,,age,-30.61053072858179,0.26859121181840023,-113.96698544730558,0.0,-31.136963901332077,-30.0840975558315,288236.9459429094,45116576200.659836,11
fvc,anthropometrics,weight,,sex[T.True]:age,6.27544332599798,0.3452144226400036,18.178392658125222,9.12045976072692e-74,5.598830258283729,6.952056393712231,288236.9459429094,45116576200.659836,11
fvc,anthropometrics,weight,,height,45.07844845610806,0.33327102145050447,135.2606304019831,0.0,44.42524420560362,45.73165270661251,288236.9459429094,45116576200.659836,11
fvc,anthropometrics,weight,,waist_circ,-9.409163062791952,0.26432027614463105,-35.59758335619866,1.965610343021062e-276,-9.927225290707028,-8.891100834876877,288236.9459429094,45116576200.659836,11
fvc,anthropometrics,weight,,sit_height,14.591406534186321,0.5723289585234979,25.494789870198833,4.422680086703817e-143,13.469653713412338,15.713159354960304,288236.9459429094,45116576200.659836,11
fvc,anthropometrics,weight,,weight,-1.3947150571620301,0.24022491121752507,-5.8058718810353,6.415503770116778e-09,-1.8655508724135046,-0.9238792419105557,288236.9459429094,45116576200.659836,11
fvc,anthropometrics,bmi,,Intercept,-3606.477305604111,126.07500313396166,-28.605807780722632,1.656060385107807e-179,-3853.5816820215614,-3359.3729291866603,287884.80886217835,45061457591.96133,12
fvc,anthropometrics,bmi,,sex[T.True],-1083.171215579957,20.119413845618247,-53.837115926508865,0.0,-1122.604847058225,-1043.7375841016892,287884.80886217835,45061457591.96133,12
fvc,anthropometrics,bmi,,race_0[T.True],-487.6842212500359,31.986221958084663,-15.246696589835032,1.889111407342164e-52,-550.3765491058941,-424.9918933941776,287884.80886217835,45061457591.96133,12
fvc,anthropometrics,bmi,,race_1[T.True],-1184.0341274031312,33.219101710582976,-35.64317114047429,3.920976676906535e-277,-1249.1428738579648,-1118.9253809482975,287884.80886217835,45061457591.96133,12
fvc,anthropometrics,bmi,,race_2[T.True],-1165.5010260206861,32.16688199475286,-36.23294997043249,2.861458971385462e-286,-1228.5474437801315,-1102.4546082612408,287884.80886217835,45061457591.96133,12
fvc,anthropometrics,bmi,,race_4[T.True],-769.2579309303945,32.77433776240663,-23.471349337613823,1.3004259937699729e-121,-833.494949323875,-705.0209125369141,287884.80886217835,45061457591.96133,12
fvc,anthropometrics,bmi,,age,-30.640335455095514,0.26843659407972764,-114.14366048019187,0.0,-31.166465580329096,-30.11420532986193,287884.80886217835,45061457591.96133,12
fvc,anthropometrics,bmi,,sex[T.True]:age,6.37429304948366,0.34507854839736446,18.4720060956775,4.182012992364254e-76,5.697946292417429,7.05063980654989,287884.80886217835,45061457591.96133,12
fvc,anthropometrics,bmi,,height,57.53234990554707,0.9597307531169231,59.946344033156095,0.0,55.651297647903114,59.41340216319103,287884.80886217835,45061457591.96133,12
fvc,anthropometrics,bmi,,waist_circ,-9.794476075990671,0.2656234161669969,-36.87354156243855,2.3218156487509772e-296,-10.315092431193742,-9.2738597207876,287884.80886217835,45061457591.96133,12
fvc,anthropometrics,bmi,,sit_height,14.48783802962709,0.5720300492709172,25.327057639878557,3.104498162322699e-141,13.366671064697966,15.609004994556214,287884.80886217835,45061457591.96133,12
fvc,anthropometrics,bmi,,weight,-14.765512668938817,0.9957254537178146,-14.828899486106051,1.0299784908863211e-49,-16.71711378896801,-12.813911548909623,287884.80886217835,45061457591.96133,12
fvc,anthropometrics,bmi,,bmi,38.56382030787077,2.787128226946131,13.836399751914294,1.630740959495524e-43,33.10110711814192,44.02653349759962,287884.80886217835,45061457591.96133,12
fvc,anthropometrics,hip_circ,,Intercept,-3461.5444527646946,127.68180661532944,-27.11071016713749,1.7443036157726326e-161,-3711.7981305026124,-3211.290775026777,287791.2426161619,45046812041.73736,13
fvc,anthropometrics,hip_circ,,sex[T.True],-1100.4517960220633,20.261547397249945,-54.31232740750221,0.0,-1140.1640062988106,-1060.739585745316,287791.2426161619,45046812041.73736,13
fvc,anthropometrics,hip_circ,,race_0[T.True],-451.71474628935846,32.376199477585615,-13.9520621190293,3.248943644514017e-44,-515.1714219522598,-388.258070626457,287791.2426161619,45046812041.73736,13
fvc,anthropometrics,hip_circ,,race_1[T.True],-1147.2652377897778,33.61139288095231,-34.13322506012349,2.0593123689452066e-254,-1213.1428667592172,-1081.3876088203383,287791.2426161619,45046812041.73736,13
fvc,anthropometrics,hip_circ,,race_2[T.True],-1129.7518899176064,32.549868699063616,-34.70833939032469,5.94134337475293e-263,-1193.5489536321563,-1065.9548262030564,287791.2426161619,45046812041.73736,13
fvc,anthropometrics,hip_circ,,race_4[T.True],-732.8125787678256,33.165012767154124,-22.09595346495951,5.062715210684783e-108,-797.8153120249603,-667.8098455106908,287791.2426161619,45046812041.73736,13
fvc,anthropometrics,hip_circ,,age,-30.674954317118022,0.26843769810067936,-114.27215526789823,0.0,-31.201086606235638,-30.148822028000406,287791.2426161619,45046812041.73736,13
fvc,anthropometrics,hip_circ,,sex[T.True]:age,6.37542384936876,0.34502360500019585,18.47822513293008,3.7277787784885984e-76,5.699184780181534,7.051662918555985,287791.2426161619,45046812041.73736,13
fvc,anthropometrics,hip_circ,,height,55.73607061455916,0.992068210834949,56.18169195004274,0.0,53.791637614200006,57.680503614918315,287791.2426161619,45046812041.73736,13
fvc,anthropometrics,hip_circ,,waist_circ,-10.02078368025267,0.2674692522047091,-37.465180007245124,7.799582639721588e-306,-10.545017835614338,-9.496549524891002,287791.2426161619,45046812041.73736,13
fvc,anthropometrics,hip_circ,,sit_height,14.417398831183316,0.5720241466289154,25.204178732923662,6.869561537208025e-140,13.296243435253999,15.538554227112634,287791.2426161619,45046812041.73736,13
fvc,anthropometrics,hip_circ,,weight,-13.759469778175525,1.0055066155630565,-13.684116608691424,1.3368455860156193e-42,-15.730241771499207,-11.788697784851843,287791.2426161619,45046812041.73736,13
fvc,anthropometrics,hip_circ,,bmi,31.83017655272325,2.942222164087624,10.818413694668672,2.8794268969167722e-27,26.063482480926304,37.59687062452019,287791.2426161619,45046812041.73736,13
fvc,anthropometrics,hip_circ,,hip_circ,2.568181571652785,0.36002254847037274,7.133390901664949,9.834754677658843e-13,1.8625448861167926,3.2738182571887777,287791.2426161619,45046812041.73736,13
fvc,demographics,income_category,,Intercept,4737.740854693959,15.406093771849797,307.52382303104093,0.0,4707.545232253844,4767.936477134073,392973.0530423695,61510500100.509926,8
fvc,demographics,income_category,,sex[T.True],-1552.6463456121835,23.21437772388378,-66.88296210562498,0.0,-1598.1460417268092,-1507.1466494975577,392973.0530423695,61510500100.509926,8
fvc,demographics,income_category,,race_0[T.True],1753.3546009587874,6.167035891355444,284.3107502287327,0.0,1741.267339248732,1765.4418626688428,392973.0530423695,61510500100.509926,8
fvc,demographics,income_category,,race_1[T.True],910.7494471926135,12.090438279934624,75.32807546804152,0.0,887.0524403560404,934.4464540291866,392973.0530423695,61510500100.509926,8
fvc,demographics,income_category,,race_2[T.True],752.5212913119218,9.953915480327236,75.600530544909,0.0,733.0118245972659,772.0307580265777,392973.0530423695,61510500100.509926,8
fvc,demographics,income_category,,race_4[T.True],1321.1155152305766,11.335960085190164,116.54200485025919,0.0,1298.8972699181888,1343.3337605429645,392973.0530423695,61510500100.509926,8
fvc,demographics,income_category,,age,-37.12834581962324,0.31378784751625954,-118.32308393555414,0.0,-37.74336345551548,-36.513328183731005,392973.0530423695,61510500100.509926,8
fvc,demographics,income_category,,sex[T.True]:age,5.380701827058278,0.4025577828004131,13.366284436552586,1.0020905257095045e-40,4.591696969643904,6.1697066844726525,392973.0530423695,61510500100.509926,8
fvc,demographics,income_category,,income_category,0.002385780676051271,6.654414518631346e-05,35.852600846722865,2.3214474881478475e-280,0.0022553555395174686,0.0025162058125850735,392973.0530423695,61510500100.509926,8
fvc,demographics,hs_grad,,Intercept,4715.2534028454775,15.397640891994977,306.2321972515201,0.0,4685.074347872071,4745.432457818884,391293.3247476161,61247578949.44536,9
fvc,demographics,hs_grad,,sex[T.True],-1580.179721595667,23.18912547609315,-68.14313559279131,0.0,-1625.6299238336005,-1534.7295193577334,391293.3247476161,61247578949.44536,9
fvc,demographics,hs_grad,,race_0[T.True],1753.526974297577,6.1538648058135275,284.94726966394,0.0,1741.4655276398548,1765.5884209552992,391293.3247476161,61247578949.44536,9
fvc,demographics,hs_grad,,race_1[T.True],902.72148585775,12.068584037073208,74.79928739649162,0.0,879.0673128801632,926.3756588353369,391293.3247476161,61247578949.44536,9
fvc,demographics,hs_grad,,race_2[T.True],746.211523422684,9.935633282890171,75.10457584094921,0.0,726.7378894326978,765.6851574126702,391293.3247476161,61247578949.44536,9
fvc,demographics,hs_grad,,race_4[T.True],1312.7934192674277,11.316298335885035,116.00908533000032,0.0,1290.6137105724615,1334.9731279623938,391293.3247476161,61247578949.44536,9
fvc,demographics,hs_grad,,hs_grad[T.True],86.36052781491935,3.331702625335657,25.920839140383617,7.976264667279155e-148,79.8304601642754,92.89059546556331,391293.3247476161,61247578949.44536,9
fvc,demographics,hs_grad,,age,-37.29152131432356,0.3131807752776022,-119.07346892946575,0.0,-37.90534910132116,-36.677693527325964,391293.3247476161,61247578949.44536,9
fvc,demographics,hs_grad,,sex[T.True]:age,5.923637192862414,0.40224352094806387,14.726494982195751,4.7001228328499486e-49,5.135248282084565,6.712026103640263,391293.3247476161,61247578949.44536,9
fvc,demographics,hs_grad,,income_category,0.0019366974900254135,6.862496374654265e-05,28.221471958489524,8.774432722295827e-175,0.0018021939925103056,0.002071200987540521,391293.3247476161,61247578949.44536,9
fvc,demographics,immigrant,,Intercept,4744.021219986581,15.697584355404592,302.2134560693245,0.0,4713.254282079804,4774.7881578933575,391074.686551742,61213356387.19797,10
fvc,demographics,immigrant,,sex[T.True],-1580.6913177892338,23.18278458789149,-68.18384184162409,0.0,-1626.1290920207998,-1535.2535435576679,391074.686551742,61213356387.19797,10
fvc,demographics,immigrant,,race_0[T.True],1726.4841249507351,6.7975510247520425,253.986195714318,0.0,1713.1610667296984,1739.8071831717718,391074.686551742,61213356387.19797,10
fvc,demographics,immigrant,,race_1[T.True],921.7582361915645,12.235677130161593,75.33365145108165,0.0,897.7765642356857,945.7399081474433,391074.686551742,61213356387.19797,10
fvc,demographics,immigrant,,race_2[T.True],778.0770270017845,10.500786397910495,74.09702450062316,0.0,757.4957046937056,798.6583493098633,391074.686551742,61213356387.19797,10
fvc,demographics,immigrant,,race_4[T.True],1317.7018318425232,11.325334619124513,116.34992485055476,0.0,1295.5044122197962,1339.8992514652502,391074.686551742,61213356387.19797,10
fvc,demographics,immigrant,,hs_grad[T.True],88.89797985093031,3.3418098020417273,26.601747291727015,1.4416081761327482e-155,82.34810234444149,95.44785735741914,391074.686551742,61213356387.19797,10
fvc,demographics,immigrant,,immigrant[T.True],-69.71643270264597,7.452854144467267,-9.35432672520513,8.519241284836014e-21,-84.32387136961134,-55.10899403568062,391074.686551742,61213356387.19797,10
fvc,demographics,immigrant,,age,-37.315489426586026,0.31310475122091486,-119.17893063289107,0.0,-37.9291682080486,-36.70181064512345,391074.686551742,61213356387.19797,10
fvc,demographics,immigrant,,sex[T.True]:age,5.950060778661381,0.40214233249145354,14.795907562872243,1.6816019043219453e-49,5.161870195108885,6.7382513622138775,391074.686551742,61213356387.19797,10
fvc,demographics,immigrant,,income_category,0.00194678690470754,6.861448575741733e-05,28.37282657178684,1.2312391164209442e-176,0.001812303943825916,0.0020812698655891643,391074.686551742,61213356387.19797,10
fvc,exposures,work_smoke,,Intercept,4923.249012524795,14.558799418842534,338.16311846105555,0.0,4894.7140693430265,4951.783955706564,395585.25731686066,61919377986.77893,8
fvc,exposures,work_smoke,,sex[T.True],-1564.1960240188703,23.296544922987646,-67.14283294753355,0.0,-1609.85676612983,-1518.5352819079105,395585.25731686066,61919377986.77893,8
fvc,exposures,work_smoke,,race_0[T.True],1809.6053629868418,5.958960164989091,303.67804329669565,0.0,1797.9259253602534,1821.2848006134302,395585.25731686066,61919377986.77893,8
fvc,exposures,work_smoke,,race_1[T.True],943.9962403188806,12.100276401515462,78.01443611657108,0.0,920.2799509692205,967.7125296685407,395585.25731686066,61919377986.77893,8
fvc,exposures,work_smoke,,race_2[T.True],801.5674339503663,9.901745752558202,80.9521324806057,0.0,782.1602188139395,820.9746490867931,395585.25731686066,61919377986.77893,8
fvc,exposures,work_smoke,,race_4[T.True],1368.0799752688367,11.295659747871188,121.11554400588854,0.0,1345.9407177769772,1390.2192327606963,395585.25731686066,61919377986.77893,8
fvc,exposures,work_smoke,,work_smoke[T.True],79.65503854316765,5.105973478023441,15.600362768433863,7.961761040627295e-55,69.64743703074862,89.66264005558668,395585.25731686066,61919377986.77893,8
fvc,exposures,work_smoke,,age,-39.6726127805722,0.3074357563152349,-129.04358704422512,0.0,-40.275180450207465,-39.07004511093694,395585.25731686066,61919377986.77893,8
fvc,exposures,work_smoke,,sex[T.True]:age,5.45652433358763,0.40403708741336003,13.505008583544212,1.541521814858819e-41,4.664620069988407,6.248428597186853,395585.25731686066,61919377986.77893,8
fvc,exposures,pm2p5,10,Intercept,5128.330467563747,19.73655626742476,259.83917346452535,0.0,5089.647228958669,5167.013706168826,394988.60546254675,61825986458.63059,9
fvc,exposures,pm2p5,10,sex[T.True],-1566.545327426124,23.27954524149585,-67.29278047209242,0.0,-1612.1727505182073,-1520.9179043340407,394988.60546254675,61825986458.63059,9
fvc,exposures,pm2p5,10,race_0[T.True],1851.732578573868,6.554555943029624,282.51075964086846,0.0,1838.8857856451018,1864.5793715026343,394988.60546254675,61825986458.63059,9
fvc,exposures,pm2p5,10,race_1[T.True],1003.1900094310722,12.689246849217772,79.05827834793156,0.0,978.3193502879067,1028.0606685742378,394988.60546254675,61825986458.63059,9
fvc,exposures,pm2p5,10,race_2[T.True],852.4092265141768,10.432182290792298,81.70957933380193,0.0,831.9623668260734,872.8560862022802,394988.60546254675,61825986458.63059,9
fvc,exposures,pm2p5,10,race_4[T.True],1420.9986530447452,11.8002071620655,120.42150053203089,0.0,1397.8704931441785,1444.126812945312,394988.60546254675,61825986458.63059,9
fvc,exposures,pm2p5,10,work_smoke[T.True],78.61431931632232,5.102586633537068,15.406758368319476,1.6141404119675174e-53,68.61335594795693,88.61528268468771,394988.60546254675,61825986458.63059,9
fvc,exposures,pm2p5,10,age,-39.868504061540705,0.3074688520846108,-129.66680621869787,0.0,-40.47113659822338,-39.26587152485803,394988.60546254675,61825986458.63059,9
fvc,exposures,pm2p5,10,sex[T.True]:age,5.492819424098452,0.40374046271708947,13.604827683440293,3.961508703251161e-42,4.701496538677585,6.28414230951932,394988.60546254675,61825986458.63059,9
fvc,exposures,pm2p5,10,pm2p5_10,-23.822368350598833,1.5493015822024399,-15.376198297515247,2.5868023016611774e-53,-26.858967135285507,-20.785769565912158,394988.60546254675,61825986458.63059,9
fvc,exposures,home_smoke,,Intercept,5128.908040592073,19.73151128413671,259.934881152033,0.0,5090.234690047097,5167.58139113705,394780.0862866681,61793347786.10701,10
fvc,exposures,home_smoke,,sex[T.True],-1562.1510945096072,23.278491403096233,-67.10705893517773,0.0,-1607.7764521026631,-1516.5257369165513,394780.0862866681,61793347786.10701,10
fvc,exposures,home_smoke,,race_0[T.True],1851.7798260325485,6.5528485944204595,282.59157820452003,0.0,1838.9363794708086,1864.6232725942884,394780.0862866681,61793347786.10701,10
fvc,exposures,home_smoke,,race_1[T.True],1002.842172872543,12.685995213752113,79.05112338253312,0.0,977.9778868658367,1027.706458879249,394780.0862866681,61793347786.10701,10
fvc,exposures,home_smoke,,race_2[T.True],852.5684980703923,10.429476318958361,81.7460505203527,0.0,832.1269420296304,873.0100541111541,394780.0862866681,61793347786.10701,10
fvc,exposures,home_smoke,,race_4[T.True],1421.7175436166535,11.797394653167666,120.51114550405538,0.0,1398.5948961737188,1444.8401910595883,394780.0862866681,61793347786.10701,10
fvc,exposures,home_smoke,,work_smoke[T.True],78.08430377229455,5.101588941582559,15.305879142052571,7.630176416187029e-53,68.0852958588554,88.08331168573369,394780.0862866681,61793347786.10701,10
fvc,exposures,home_smoke,,home_smoke[T.True],-52.048855934320855,5.7244851966773425,-9.092320819439191,9.8036616245017e-20,-63.26872751499468,-40.82898435364703,394780.0862866681,61793347786.10701,10
fvc,exposures,home_smoke,,age,-39.9049520854403,0.3074148024953903,-129.8081672109419,0.0,-40.50747868608528,-39.30242548479532,394780.0862866681,61793347786.10701,10
fvc,exposures,home_smoke,,sex[T.True]:age,5.42863441639597,0.4036968940115914,13.447302907017404,3.3660885715934877e-41,4.637396924689998,6.219871908101942,394780.0862866681,61793347786.10701,10
fvc,exposures,home_smoke,,pm2p5_10,-23.27201878992526,1.550079778961521,-15.013432925056536,6.507290690027703e-51,-26.31014282417766,-20.233894755672857,394780.0862866681,61793347786.10701,10
fev1_fvc,Baseline,Baseline,,Intercept,693.8282433186627,1.1761047221453302,589.9374692187715,0.0,691.5231025955112,696.1333840418141,2581.569148035366,404082692.4653837,0
fev1_fvc,Baseline,Baseline,,sex[T.True],-3.766730766123179,1.8815326614995234,-2.001948115597,0.04529203440912246,-7.4544955359564895,-0.07896599628986811,2581.569148035366,404082692.4653837,0
fev1_fvc,Baseline,Baseline,,race_0[T.True],166.46909130533282,0.4809417601153202,346.131496806218,0.0,165.52645548742393,167.41172712324172,2581.569148035366,404082692.4653837,0
fev1_fvc,Baseline,Baseline,,race_1[T.True],177.13705444078218,0.9774301334152237,181.22733112580673,0.0,175.22131176740788,179.05279711415648,2581.569148035366,404082692.4653837,0
fev1_fvc,Baseline,Baseline,,race_2[T.True],177.77770234997453,0.7998089868318091,222.27519980012326,0.0,176.21009341892162,179.34531128102745,2581.569148035366,404082692.4653837,0
fev1_fvc,Baseline,Baseline,,race_4[T.True],172.44439522258273,0.9124939370133616,188.98141481027466,0.0,170.65592613965833,174.23286430550712,2581.569148035366,404082692.4653837,0
fev1_fvc,Baseline,Baseline,,age,-1.711817243515357,0.024829319262606366,-68.9433820319593,0.0,-1.7604821913577233,-1.6631522956729905,2581.569148035366,404082692.4653837,0
fev1_fvc,Baseline,Baseline,,sex[T.True]:age,0.18585026179705524,0.03262702127123268,5.696206841931962,1.2272094903622938e-08,0.12190198066928466,0.24979854292482584,2581.569148035366,404082692.4653837,0
fev1_fvc,anthropometrics,bmi,,Intercept,657.3622720852012,1.3246957439259022,496.23641889044313,0.0,654.7658960586771,659.9586481117253,2527.921138261511,395685384.08752126,8
fev1_fvc,anthropometrics,bmi,,sex[T.True],0.22565073831680701,1.8631739320094023,0.1211109357210931,0.903603322952637,-3.4261313048392332,3.8774327814728475,2527.921138261511,395685384.08752126,8
fev1_fvc,anthropometrics,bmi,,race_0[T.True],158.20742876998312,0.4970393907148116,318.2995789175962,0.0,157.23324193183,159.18161560813624,2527.921138261511,395685384.08752126,8
fev1_fvc,anthropometrics,bmi,,race_1[T.True],165.1614507769499,0.9892915419608046,166.94921948851913,0.0,163.22245999014643,167.10044156375335,2527.921138261511,395685384.08752126,8
fev1_fvc,anthropometrics,bmi,,race_2[T.True],170.4803753840665,0.8015212343378936,212.69601862125822,0.0,168.90941048353963,172.05134028459335,2527.921138261511,395685384.08752126,8
fev1_fvc,anthropometrics,bmi,,race_4[T.True],163.51301715418504,0.9161670466397039,178.47511297630084,0.0,161.7173488529213,165.30868545544877,2527.921138261511,395685384.08752126,8
fev1_fvc,anthropometrics,bmi,,age,-1.719619302884819,0.024570425162629042,-69.98736454509195,0.0,-1.767776823693856,-1.671461782075782,2527.921138261511,395685384.08752126,8
fev1_fvc,anthropometrics,bmi,,sex[T.True]:age,0.14345171409360208,0.03229471083777234,4.4419569140659085,8.920537991971592e-06,0.08015475448065561,0.20674867370654854,2527.921138261511,395685384.08752126,8
fev1_fvc,anthropometrics,bmi,,bmi,1.635697629505885,0.02838087837258031,57.63379159843713,0.0,1.5800716998868454,1.6913235591249245,2527.921138261511,395685384.08752126,8
fev1_fvc,anthropometrics,height,,Intercept,793.996782036773,3.276164852667067,242.35556443089075,0.0,787.5755672621133,800.4179968114327,2494.861592893262,390510705.6892107,9
fev1_fvc,anthropometrics,height,,sex[T.True],-11.673596638533434,1.8693074072943938,-6.244877965486487,4.2521493298656084e-10,-15.33740016549211,-8.009793111574758,2494.861592893262,390510705.6892107,9
fev1_fvc,anthropometrics,height,,race_0[T.True],194.85233927074646,0.9440776103849993,206.39440775561317,0.0,193.00196684663155,196.70271169486136,2494.861592893262,390510705.6892107,9
fev1_fvc,anthropometrics,height,,race_1[T.True],200.34913682891852,1.2501592245638282,160.25889574091568,0.0,197.89885082548028,202.79942283235675,2494.861592893262,390510705.6892107,9
fev1_fvc,anthropometrics,height,,race_2[T.True],201.236276110798,1.0440894829074134,192.73853381841124,0.0,199.18988250265767,203.28266971893834,2494.861592893262,390510705.6892107,9
fev1_fvc,anthropometrics,height,,race_4[T.True],197.55902982633125,1.17782552239266,167.73199940939097,0.0,195.25051637036088,199.86754328230163,2494.861592893262,390510705.6892107,9
fev1_fvc,anthropometrics,height,,age,-1.850066050390094,0.024576798539018802,-75.27693435956999,0.0,-1.898236062886294,-1.8018960378938942,2494.861592893262,390510705.6892107,9
fev1_fvc,anthropometrics,height,,sex[T.True]:age,0.1377370748782168,0.032083192520681404,4.293122474935404,1.7628355239592538e-05,0.0748546867516423,0.20061946300479128,2494.861592893262,390510705.6892107,9
fev1_fvc,anthropometrics,height,,bmi,1.5126760419642538,0.028323888228601823,53.40636955475394,0.0,1.4571618118359229,1.5681902720925847,2494.861592893262,390510705.6892107,9
fev1_fvc,anthropometrics,height,,height,-0.9237770741776189,0.020284355467944073,-45.54135701464556,0.0,-0.9635339877893311,-0.8840201605659067,2494.861592893262,390510705.6892107,9
fev1_fvc,anthropometrics,hip_circ,,Intercept,788.071211677991,3.2921164199692217,239.38133138236913,0.0,781.6187321638292,794.5236911921527,2490.3589060283375,389805918.12499154,10
fev1_fvc,anthropometrics,hip_circ,,sex[T.True],-7.977706612192658,1.880503956255538,-4.242323758827862,2.2134420194519843e-05,-11.663455141751731,-4.291958082633585,2490.3589060283375,389805918.12499154,10
fev1_fvc,anthropometrics,hip_circ,,race_0[T.True],193.4161652433361,0.9470840885418246,204.222800893138,0.0,191.55990018465337,195.27243030201885,2490.3589060283375,389805918.12499154,10
fev1_fvc,anthropometrics,hip_circ,,race_1[T.True],198.69773398122246,1.2528863731592874,158.59198267132942,0.0,196.2421028233006,201.1533651391443,2490.3589060283375,389805918.12499154,10
fev1_fvc,anthropometrics,hip_circ,,race_2[T.True],199.93356741347517,1.0460206757629806,191.13729971698803,0.0,197.8833887075188,201.98374611943154,2490.3589060283375,389805918.12499154,10
fev1_fvc,anthropometrics,hip_circ,,race_4[T.True],196.02374503995298,1.1802997062093292,166.07963554401468,0.0,193.71038223519594,198.33710784471003,2490.3589060283375,389805918.12499154,10
fev1_fvc,anthropometrics,hip_circ,,age,-1.8333220078426042,0.024574854572362498,-74.60154046666891,0.0,-1.8814882102070862,-1.7851558054781222,2490.3589060283375,389805918.12499154,10
fev1_fvc,anthropometrics,hip_circ,,sex[T.True]:age,0.1335376634923501,0.03205530226702812,4.1658525750264435,3.103572301148986e-05,0.07070993967807716,0.19636538730662306,2490.3589060283375,389805918.12499154,10
fev1_fvc,anthropometrics,hip_circ,,bmi,2.472885429276948,0.06370943367018447,38.81505903943138,0.0,2.3480162681737236,2.5977545903801724,2490.3589060283375,389805918.12499154,10
fev1_fvc,anthropometrics,hip_circ,,height,-0.7123148747277572,0.023848052642210193,-29.868890572095836,1.7760866091206257e-195,-0.7590565604692199,-0.6655731889862946,2490.3589060283375,389805918.12499154,10
fev1_fvc,anthropometrics,hip_circ,,hip_circ,-0.5548572569647272,0.03298351974654301,-16.822257334221632,1.9066627823274668e-63,-0.6195042676775213,-0.49021024625193305,2490.3589060283375,389805918.12499154,10
fev1_fvc,anthropometrics,sit_height,,Intercept,794.0802452296533,3.3602911762181216,236.31292753723804,0.0,787.4941446149492,800.6663458443575,2489.1075636217774,389610050.5034623,11
fev1_fvc,anthropometrics,sit_height,,sex[T.True],-7.700593882428217,1.8802969861878491,-4.095413617633112,4.216268638110589e-05,-11.385936755153818,-4.015251009702617,2489.1075636217774,389610050.5034623,11
fev1_fvc,anthropometrics,sit_height,,race_0[T.True],195.56215019003915,0.9772673410744952,200.1112100758638,0.0,193.64672658587847,197.47757379419983,2489.1075636217774,389610050.5034623,11
fev1_fvc,anthropometrics,sit_height,,race_1[T.True],199.39885649385258,1.255066907440534,158.87508093133292,0.0,196.93895153410085,201.8587614536043,2489.1075636217774,389610050.5034623,11
fev1_fvc,anthropometrics,sit_height,,race_2[T.True],201.33477664392993,1.0576242963815756,190.36512051845983,0.0,199.2618550834941,203.40769820436574,2489.1075636217774,389610050.5034623,11
fev1_fvc,anthropometrics,sit_height,,race_4[T.True],197.78446190194845,1.1965850492108252,165.2907681174788,0.0,195.43918016448222,200.12974363941467,2489.1075636217774,389610050.5034623,11
fev1_fvc,anthropometrics,sit_height,,age,-1.8517969017456994,0.024656880108954254,-75.1026445179985,0.0,-1.9001238724533502,-1.8034699310380486,2489.1075636217774,389610050.5034623,11
fev1_fvc,anthropometrics,sit_height,,sex[T.True]:age,0.12621924582490066,0.032057968366266724,3.9372191145374003,8.246697405523922e-05,0.06338629650862668,0.18905219514117463,2489.1075636217774,389610050.5034623,11
fev1_fvc,anthropometrics,sit_height,,bmi,2.5076975065359783,0.06381441973039426,39.29672191850369,0.0,2.382622574938426,2.6327724381335305,2489.1075636217774,389610050.5034623,11
fev1_fvc,anthropometrics,sit_height,,height,-0.5119214782553202,0.0328452355105156,-15.58586718281942,9.986692473217093e-55,-0.5762974547530986,-0.4475455017575418,2489.1075636217774,389610050.5034623,11
fev1_fvc,anthropometrics,sit_height,,hip_circ,-0.5559248199312922,0.03297555697773812,-16.85869385941224,1.0311884812442157e-63,-0.6205562237865144,-0.4912934160760699,2489.1075636217774,389610050.5034623,11
fev1_fvc,anthropometrics,sit_height,,sit_height,-0.46596297723925895,0.05252997325537963,-8.870420987536662,7.361223701261556e-19,-0.5689206291225766,-0.3630053253559414,2489.1075636217774,389610050.5034623,11
fev1_fvc,anthropometrics,weight,,Intercept,814.5755613841305,11.836770952183903,68.8173797292107,0.0,791.3757372141663,837.7753855540948,2489.0557057188353,389601933.3933464,12
fev1_fvc,anthropometrics,weight,,sex[T.True],-7.629608053149027,1.8806942801815805,-4.056803986457805,4.977288951941953e-05,-11.315729613997508,-3.943486492300546,2489.0557057188353,389601933.3933464,12
fev1_fvc,anthropometrics,weight,,race_0[T.True],200.68813820128014,3.0021548034672016,66.84803127723612,0.0,194.8039774066842,206.57229899587608,2489.0557057188353,389601933.3933464,12
fev1_fvc,anthropometrics,weight,,race_1[T.True],204.557350838558,3.1201903711055397,65.55925328558708,0.0,198.44184279342613,210.67285888368986,2489.0557057188353,389601933.3933464,12
fev1_fvc,anthropometrics,weight,,race_2[T.True],206.4303019934941,3.013463230038365,68.50267822609736,0.0,200.5239769186946,212.33662706829364,2489.0557057188353,389601933.3933464,12
fev1_fvc,anthropometrics,weight,,race_4[T.True],202.89977035088498,3.0750853629245007,65.98183347922448,0.0,196.87266718096882,208.92687352080114,2489.0557057188353,389601933.3933464,12
fev1_fvc,anthropometrics,weight,,age,-1.850919314812894,0.024661490968109885,-75.0530175651725,0.0,-1.8992553227107023,-1.8025833069150856,2489.0557057188353,389601933.3933464,12
fev1_fvc,anthropometrics,weight,,sex[T.True]:age,0.12468096576702359,0.03206905295550624,3.887890482453924,0.00010116091942733176,0.06182629088394262,0.18753564065010456,2489.0557057188353,389601933.3933464,12
fev1_fvc,anthropometrics,weight,,bmi,2.0281497493591996,0.2731210865621091,7.425826306157391,1.1264323395730551e-13,1.4928381165712525,2.5634613821471466,2489.0557057188353,389601933.3933464,12
fev1_fvc,anthropometrics,weight,,height,-0.6676066346594922,0.09225908305105125,-7.236215802080694,4.634784758431654e-13,-0.8484325130610345,-0.4867807562579499,2489.0557057188353,389601933.3933464,12
fev1_fvc,anthropometrics,weight,,hip_circ,-0.548289586430096,0.03324529033215303,-16.49224840427458,4.697997707715209e-61,-0.6134496620369538,-0.48312951082323813,2489.0557057188353,389601933.3933464,12
fev1_fvc,anthropometrics,weight,,sit_height,-0.46762733289164626,0.052537679069536804,-8.900799220169455,5.601854483532819e-19,-0.5706000880150679,-0.36465457776822463,2489.0557057188353,389601933.3933464,12
fev1_fvc,anthropometrics,weight,,weight,0.16750710660613866,0.09276122483850961,1.8057879992179497,0.0709533811680718,-0.014302959224938766,0.34931717243721605,2489.0557057188353,389601933.3933464,12
fev1_fvc,anthropometrics,waist_circ,,Intercept,816.0845672139715,11.874189754727077,68.7276002886084,0.0,792.8114029703697,839.3577314575732,2489.0149549522685,389595554.8388588,13
fev1_fvc,anthropometrics,waist_circ,,sex[T.True],-7.816085202822899,1.8842892726618,-4.148028286432729,3.3552766066382394e-05,-11.509252874129235,-4.122917531516564,2489.0149549522685,389595554.8388588,13
fev1_fvc,anthropometrics,waist_circ,,race_0[T.True],201.05618772248076,3.0109312072312204,66.77541726613116,0.0,195.15482535927765,206.95755008568386,2489.0149549522685,389595554.8388588,13
fev1_fvc,anthropometrics,waist_circ,,race_1[T.True],204.85745982735418,3.125802082292932,65.53756585800242,0.0,198.73095294504373,210.98396670966463,2489.0149549522685,389595554.8388588,13
fev1_fvc,anthropometrics,waist_circ,,race_2[T.True],206.889688124515,3.0270821479568433,68.34624169818355,0.0,200.95667025437118,212.82270599465883,2489.0149549522685,389595554.8388588,13
fev1_fvc,anthropometrics,waist_circ,,race_4[T.True],203.2812315396156,3.0842894947561326,65.90860938482966,0.0,197.2360884629944,209.3263746162368,2489.0149549522685,389595554.8388588,13
fev1_fvc,anthropometrics,waist_circ,,age,-1.8447132399743709,0.02496424705340085,-73.89420702448415,0.0,-1.8936426434867542,-1.7957838364619876,2489.0149549522685,389595554.8388588,13
fev1_fvc,anthropometrics,waist_circ,,sex[T.True]:age,0.12297454014368213,0.0320866054783757,3.8325817988618036,0.00012685494420678391,0.06008546267878752,0.18586361760857673,2489.0149549522685,389595554.8388588,13
fev1_fvc,anthropometrics,waist_circ,,bmi,2.054667249773027,0.2736216317975096,7.5091550191965775,5.982384387109894e-14,1.5183745587377784,2.5909599408082755,2489.0149549522685,389595554.8388588,13
fev1_fvc,anthropometrics,waist_circ,,height,-0.6685851898083497,0.09226064775678475,-7.246699498261247,4.2900625279232013e-13,-0.8494141350094272,-0.4877562446072722,2489.0149549522685,389595554.8388588,13
fev1_fvc,anthropometrics,waist_circ,,hip_circ,-0.5419324244985766,0.03348148158176527,-16.186034754021296,7.0659441553456175e-59,-0.607555430031341,-0.47630941896581214,2489.0149549522685,389595554.8388588,13
fev1_fvc,anthropometrics,waist_circ,,sit_height,-0.48099824447673206,0.05319726781295501,-9.041784742929893,1.5582859314028756e-19,-0.5852637797844275,-0.37673270916903673,2489.0149549522685,389595554.8388588,13
fev1_fvc,anthropometrics,waist_circ,,weight,0.18642300466761477,0.09351039642476168,1.9936072543293133,0.04619672446621735,0.0031445781449615795,0.369701431190268,2489.0149549522685,389595554.8388588,13
fev1_fvc,anthropometrics,waist_circ,,waist_circ,-0.03981788387120244,0.02487418324054628,-1.6007715102097146,0.10942955415455388,-0.08857076418897072,0.008934996446565834,2489.0149549522685,389595554.8388588,13
fev1_fvc,demographics,income_category,,Intercept,691.4718897052708,1.2485595362331638,553.8157129386107,0.0,689.0247390577141,693.9190403528274,2581.04876029252,404001238.25354695,8
fev1_fvc,demographics,income_category,,sex[T.True],-3.719193295364791,1.881368055660852,-1.9768557694886457,0.048059687874160595,-7.406635441369989,-0.031751149359593,2581.04876029252,404001238.25354695,8
fev1_fvc,demographics,income_category,,race_0[T.True],165.7042633946964,0.49979648225388584,331.54347675164746,0.0,164.7246727146363,166.68385407475648,2581.04876029252,404001238.25354695,8
fev1_fvc,demographics,income_category,,race_1[T.True],176.74305770208298,0.9798481195300646,180.37801387713944,0.0,174.82257582626525,178.6635395779007,2581.04876029252,404001238.25354695,8
fev1_fvc,demographics,income_category,,race_2[T.True],177.18343017971995,0.806697419856692,219.64050685968004,0.0,175.6023200635453,178.7645402958946,2581.04876029252,404001238.25354695,8
fev1_fvc,demographics,income_category,,race_4[T.True],171.84113842876377,0.9187027728329393,187.047588741753,0.0,170.04050015705351,173.64177670047403,2581.04876029252,404001238.25354695,8
fev1_fvc,demographics,income_category,,age,-1.6808801347632274,0.025430379379254072,-66.09732830547065,0.0,-1.7307231478992318,-1.631037121627223,2581.04876029252,404001238.25354695,8
fev1_fvc,demographics,income_category,,sex[T.True]:age,0.18708831501324316,0.03262458128865365,5.734581337854893,9.793264377752503e-09,0.12314481619727285,0.25103181382921347,2581.04876029252,404001238.25354695,8
fev1_fvc,demographics,income_category,,income_category,3.029522198747559e-05,5.392952183938316e-06,5.617558056179885,1.940026830959477e-08,1.9725148197496377e-05,4.08652957774548e-05,2581.04876029252,404001238.25354695,8
fev1_fvc,demographics,immigrant,,Intercept,691.0049749063228,1.2742706343106454,542.2748953797735,0.0,688.5074310427136,693.502518769932,2580.9933571143874,403992566.2156866,9
fev1_fvc,demographics,immigrant,,sex[T.True],-3.7239117271183466,1.8813556345556868,-1.9793768167589483,0.047775345975995843,-7.411329528198696,-0.03649392603799706,2580.9933571143874,403992566.2156866,9
fev1_fvc,demographics,immigrant,,race_0[T.True],166.13340697709697,0.5519124190971636,301.0140761986538,0.0,165.0516701478468,167.21514380634713,2580.9933571143874,403992566.2156866,9
fev1_fvc,demographics,immigrant,,race_1[T.True],176.43727719552268,0.9939404787196979,177.51292051491137,0.0,174.4891745895468,178.38537980149857,2580.9933571143874,403992566.2156866,9
fev1_fvc,demographics,immigrant,,race_2[T.True],176.67490900368514,0.8530642788857876,207.1062091996695,0.0,175.00292081088813,178.34689719648216,2580.9933571143874,403992566.2156866,9
fev1_fvc,demographics,immigrant,,race_4[T.True],171.75938173003698,0.9197779786705489,186.74004565569044,0.0,169.95663607722346,173.5621273828505,2580.9933571143874,403992566.2156866,9
fev1_fvc,demographics,immigrant,,immigrant[T.True],1.1061244739334393,0.603461194827085,1.8329670298856362,0.06680937265735418,-0.07664688050648372,2.288895828373362,2580.9933571143874,403992566.2156866,9
fev1_fvc,demographics,immigrant,,age,-1.6805759242278142,0.025430729249411584,-66.08445663298072,0.0,-1.7304196231044922,-1.6307322253511363,2580.9933571143874,403992566.2156866,9
fev1_fvc,demographics,immigrant,,sex[T.True]:age,0.18692218135771785,0.032624461258857526,5.729510132737244,1.0090501689460142e-08,0.122978917794485,0.2508654449209507,2580.9933571143874,403992566.2156866,9
fev1_fvc,demographics,immigrant,,income_category,2.9925790351386082e-05,5.396676436268852e-06,5.545225974688255,2.9404693513863813e-08,1.9348417103999873e-05,4.0503163598772294e-05,2580.9933571143874,403992566.2156866,9
fev1_fvc,demographics,hs_grad,,Intercept,691.0027336825275,1.27525317418065,541.8553332568622,0.0,688.5032640611441,693.5022033039108,2580.9933239105676,403992561.0184255,10
fev1_fvc,demographics,hs_grad,,sex[T.True],-3.7277862324573365,1.8833419819709452,-1.9793464321100904,0.04777876455035517,-7.419097233221332,-0.036475231693341215,2580.9933239105676,403992561.0184255,10
fev1_fvc,demographics,hs_grad,,race_0[T.True],166.13257569716788,0.5522250000198121,300.84218514411253,0.0,165.0502262157759,167.21492517855987,2580.9933239105676,403992561.0184255,10
fev1_fvc,demographics,hs_grad,,race_1[T.True],176.4367543983062,0.9940119285372647,177.49963489667692,0.0,174.48851175208196,178.38499704453042,2580.9933239105676,403992561.0184255,10
fev1_fvc,demographics,hs_grad,,race_2[T.True],176.67503278783528,0.853071458776423,207.10461119077144,0.0,175.0030305225198,178.34703505315076,2580.9933239105676,403992561.0184255,10
fev1_fvc,demographics,hs_grad,,race_4[T.True],171.75837079923633,0.9200567803751324,186.6823596791556,0.0,169.95507870080817,173.5616628976645,2580.9933239105676,403992561.0184255,10
fev1_fvc,demographics,hs_grad,,immigrant[T.True],1.1039191634415575,0.6054610498823644,1.8232703221058382,0.06826436534416291,-0.0827718652509517,2.290610192134067,2580.9933239105676,403992561.0184255,10
fev1_fvc,demographics,hs_grad,,hs_grad[T.True],0.012182187268964601,0.27148467312399843,0.044872467858988435,0.9642090194426862,-0.5199221092606994,0.5442864837986285,2580.9933239105676,403992561.0184255,10
fev1_fvc,demographics,hs_grad,,age,-1.6805995485990304,0.02543625941453638,-66.07101780219291,0.0,-1.7304540864864641,-1.6307450107115966,2580.9933239105676,403992561.0184255,10
fev1_fvc,demographics,hs_grad,,sex[T.True]:age,0.18699910012205695,0.03266956713666139,5.723954019342021,1.0426227827986485e-08,0.12296742997601519,0.2510307702680987,2580.9933239105676,403992561.0184255,10
fev1_fvc,demographics,hs_grad,,income_category,2.9863178321404492e-05,5.574159614362383e-06,5.357431503120042,8.45321331348696e-08,1.8937941746485043e-05,4.078841489632394e-05,2580.9933239105676,403992561.0184255,10
fev1_fvc,exposures,pm2p5,10,Intercept,703.9172039039577,1.5950705345218283,441.3078849299781,0.0,700.7908989275606,707.0435088803547,2580.1249037766693,403856630.68854696,8
fev1_fvc,exposures,pm2p5,10,sex[T.True],-3.8873222594050874,1.8810564110724421,-2.0665633611640692,0.03877695705623322,-7.574153588517536,-0.2004909302926392,2580.1249037766693,403856630.68854696,8
fev1_fvc,exposures,pm2p5,10,race_0[T.True],168.53898448888924,0.5292254894576165,318.4634675507005,0.0,167.5017135685638,169.5762554092147,2580.1249037766693,403856630.68854696,8
fev1_fvc,exposures,pm2p5,10,race_1[T.True],180.05052263421913,1.0255370532707995,175.56705733837163,0.0,178.04049140128615,182.06055386715212,2580.1249037766693,403856630.68854696,8
fev1_fvc,exposures,pm2p5,10,race_2[T.True],180.2803120822659,0.8431054501055232,213.8289013073062,0.0,178.62784298623157,181.93278117830025,2580.1249037766693,403856630.68854696,8
fev1_fvc,exposures,pm2p5,10,race_4[T.True],175.04738469858773,0.9536878363342992,183.54788435953986,0.0,173.17817643216145,176.91659296501402,2580.1249037766693,403856630.68854696,8
fev1_fvc,exposures,pm2p5,10,age,-1.7215235060569956,0.024844103168539716,-69.2930428753401,0.0,-1.7702174300490212,-1.67282958206497,2580.1249037766693,403856630.68854696,8
fev1_fvc,exposures,pm2p5,10,sex[T.True]:age,0.18774720317231866,0.032618627273291144,5.755827846441909,8.637850634326483e-09,0.12381537410226523,0.2516790322423721,2580.1249037766693,403856630.68854696,8
fev1_fvc,exposures,pm2p5,10,pm2p5_10,-1.1719431711984618,0.12520580024112735,-9.360134825555026,8.06394464238857e-21,-1.417343928027655,-0.9265424143692687,2580.1249037766693,403856630.68854696,8
fev1_fvc,exposures,work_smoke,,Intercept,703.876296780432,1.5951023658895622,441.27343287331394,0.0,700.7499294150638,707.0026641458002,2579.9953997635857,403836359.943395,9
fev1_fvc,exposures,work_smoke,,sex[T.True],-4.000119425145051,1.8814456376481277,-2.1260882297642887,0.03349747442297095,-7.687713630409236,-0.3125252198808659,2579.9953997635857,403836359.943395,9
fev1_fvc,exposures,work_smoke,,race_0[T.True],168.4730034200162,0.5297371816246566,318.0312979038484,0.0,167.43472959366534,169.51127724636706,2579.9953997635857,403836359.943395,9
fev1_fvc,exposures,work_smoke,,race_1[T.True],180.07115174688875,1.0255410009876538,175.58649685723933,0.0,178.06111277641375,182.08119071736374,2579.9953997635857,403836359.943395,9
fev1_fvc,exposures,work_smoke,,race_2[T.True],180.30297160041476,0.8431257423007991,213.85063052207067,0.0,178.6504627320193,181.95548046881024,2579.9953997635857,403836359.943395,9
fev1_fvc,exposures,work_smoke,,race_4[T.True],175.02917001312878,0.9536890887730138,183.52854412785172,0.0,173.15995929185638,176.89838073440117,2579.9953997635857,403836359.943395,9
fev1_fvc,exposures,work_smoke,,work_smoke[T.True],1.1559005601679886,0.4123894716498805,2.802934215423789,0.005064622328340752,0.3476257976460071,1.96417532268997,2579.9953997635857,403836359.943395,9
fev1_fvc,exposures,work_smoke,,age,-1.7230512586560816,0.024849537414335553,-69.33936957965517,0.0,-1.7717558336589216,-1.6743466836532415,2579.9953997635857,403836359.943395,9
fev1_fvc,exposures,work_smoke,,sex[T.True]:age,0.19025477878199873,0.032630179174079725,5.830638494719958,5.53236353453042e-09,0.1263003082241987,0.25420924933979877,2579.9953997635857,403836359.943395,9
fev1_fvc,exposures,work_smoke,,pm2p5_10,-1.1672877361557776,0.12521407411517035,-9.32233652170858,1.1521851479492031e-20,-1.4127047096176375,-0.9218707626939179,2579.9953997635857,403836359.943395,9
fev1_fvc,exposures,home_smoke,,Intercept,703.881415555268,1.5951106647504398,441.2743461065082,0.0,700.755031924151,707.0077991863849,2579.979021636239,403833796.3406339,10
fev1_fvc,exposures,home_smoke,,sex[T.True],-3.9611752782306335,1.8818512865880972,-2.104935340248096,0.03529852653224936,-7.649564547138083,-0.272786009323184,2579.979021636239,403833796.3406339,10
fev1_fvc,exposures,home_smoke,,race_0[T.True],168.47342215338824,0.5297373590363744,318.03198184823515,0.0,167.4351479792628,169.51169632751368,2579.979021636239,403833796.3406339,10
fev1_fvc,exposures,home_smoke,,race_1[T.True],180.06806902498892,1.0255456851243603,175.5826889400382,0.0,178.05802087360436,182.07811717637347,2579.979021636239,403833796.3406339,10
fev1_fvc,exposures,home_smoke,,race_2[T.True],180.3043831539207,0.8431269487962337,213.85199869527182,0.0,178.6518719207377,181.9568943871037,2579.979021636239,403833796.3406339,10
fev1_fvc,exposures,home_smoke,,race_4[T.True],175.0355412229789,0.9537105271133767,183.53109905661213,0.0,173.16628848291424,176.90479396304357,2579.979021636239,403833796.3406339,10
fev1_fvc,exposures,home_smoke,,work_smoke[T.True],1.1512032663273217,0.4124164039291572,2.7913614864967147,0.005249317461059617,0.3428757170597925,1.959530815594851,2579.979021636239,403833796.3406339,10
fev1_fvc,exposures,home_smoke,,home_smoke[T.True],-0.4612860380199795,0.46277181995517647,-0.9967893854570902,0.3188682925649435,-1.368309152354438,0.44573707631447884,2579.979021636239,403833796.3406339,10
fev1_fvc,exposures,home_smoke,,age,-1.7233742814053044,0.02485165088985232,-69.34647074529,0.0,-1.7720829987784794,-1.6746655640321293,2579.979021636239,403833796.3406339,10
fev1_fvc,exposures,home_smoke,,sex[T.True]:age,0.18968593538719491,0.03263516978966626,5.812316485856246,6.173320093665147e-09,0.1257216833237827,0.25365018745060713,2579.979021636239,403833796.3406339,10
fev1_fvc,exposures,home_smoke,,pm2p5_10,-1.1624102308999855,0.1253096506917516,-9.276302539214566,1.7759718894324385e-20,-1.4080145324704754,-0.9168059293294956,2579.979021636239,403833796.3406339,10
