target,group,cov,val,index,coef,std_err,t,p,ci_lower,ci_upper
fev1,baseline,sex,,Intercept,4973.497254485546,61.650454920640705,80.67251508342737,0.0,4852.582869750637,5094.411639220456
fev1,baseline,sex,,sex[T.True],-935.4451949109532,24.21024054650875,-38.638409771845474,4.602314563743041e-238,-982.9284834565691,-887.9619063653373
fev1,baseline,sex,,age,-29.369998845906593,1.0821622749858084,-27.14010599407723,3.6856351414773055e-136,-31.492432262361895,-27.247565429451292
fev1,NA,age,,Intercept,4973.497254485546,61.650454920640705,80.67251508342737,0.0,4852.582869750637,5094.411639220456
fev1,NA,age,,sex[T.True],-935.4451949109532,24.21024054650875,-38.638409771845474,4.602314563743041e-238,-982.9284834565691,-887.9619063653373
fev1,NA,age,,age,-29.369998845906593,1.0821622749858084,-27.14010599407723,3.6856351414773055e-136,-31.492432262361895,-27.247565429451292
fev1,outcomes,fev1,,Intercept,4.636291350834654e-13,2.1797318709580502e-13,2.1270007621611184,0.033556432573666216,3.612046872551711e-14,8.911378014414136e-13
fev1,outcomes,fev1,,sex[T.True],1.3500311979441904e-13,5.384536284897499e-14,2.507237627371453,0.012255848382297034,2.9396739634424905e-14,2.4060949995441317e-13
fev1,outcomes,fev1,,age,4.579669976578771e-15,2.111532549226197e-15,2.1688843860148213,0.030222744525430233,4.383419714313751e-16,8.720997981726166e-15
fev1,outcomes,fev1,,fev1,1.0,3.8810789322974064e-17,2.5766030978608556e+16,0.0,0.9999999999999999,1.0
fev1,outcomes,fvc,,Intercept,671.7040866311941,39.134399196145075,17.16403216680429,2.9940257104313364e-61,594.9501746846291,748.457998577759
fev1,outcomes,fvc,,sex[T.True],-38.9996882690261,10.426060889168367,-3.7405966341077934,0.00018936557205525631,-59.448218868049096,-18.551157670003107
fev1,outcomes,fvc,,age,-7.050912485234653,0.3851293571028816,-18.30790708419329,9.112108373059556e-69,-7.806262902522356,-6.29556206794695
fev1,outcomes,fvc,,fvc,0.7177459593129745,0.005659650331269668,126.81807484596978,0.0,0.7066457428257514,0.7288461758001975
fev1,outcomes,fev1,fvc,Intercept,4640.930291547578,230.66534495336998,20.119755277871338,2.486782951399344e-81,4188.528620911507,5093.33196218365
fev1,outcomes,fev1,fvc,sex[T.True],-940.8801199079909,24.472970982343067,-38.445684448644336,2.8845934083071367e-236,-988.8787170101186,-892.8815228058631
fev1,outcomes,fev1,fvc,age,-28.8408039570654,1.1381434762470963,-25.340218135032323,2.5691390474451013e-121,-31.0730335543715,-26.608574359759302
fev1,outcomes,fev1,fvc,fev1_fvc,0.38659738891151085,0.25839254779577014,1.4961630751714714,0.13478744980639282,-0.12018537174266897,0.8933801495656907
fev1,anthropometrics,height,,Intercept,4433.94701978356,58.70796110989853,75.52548131391279,0.0,4318.8036735165915,4549.090366050528
fev1,anthropometrics,height,,sex[T.True],-487.55535038871506,28.57563077556754,-17.061927843971862,1.3508761180501015e-60,-543.6004537611341,-431.51024701629603
fev1,anthropometrics,height,,age,-24.556308102120845,0.9696256251305226,-25.32555603490294,3.3784089319196895e-121,-26.45802529674005,-22.65459090750164
fev1,anthropometrics,height,,height,331.7353596476595,14.19351005530138,23.372327095632972,1.1649039701216403e-105,303.89776808180767,359.5729512135113
fev1,anthropometrics,weight,,Intercept,4920.997089191403,62.30517989723045,78.98215039758111,0.0,4798.798553123984,5043.195625258822
fev1,anthropometrics,weight,,sex[T.True],-896.9706038468132,25.42822074781352,-35.27461133606607,2.137921339503135e-207,-946.8427229115093,-847.0984847821171
fev1,anthropometrics,weight,,age,-28.84503070899332,1.081673556754669,-26.667038801925315,3.305937415764147e-132,-30.966506409027925,-26.723555008958716
fev1,anthropometrics,weight,,weight,58.42908356903912,12.454233340231555,4.691503842335491,2.917775257222307e-06,34.0027183048889,82.85544883318934
fev1,anthropometrics,bmi,,Intercept,4977.244305622096,61.43524903980344,81.01610042139451,0.0,4856.751956382687,5097.7366548615055
fev1,anthropometrics,bmi,,sex[T.True],-933.1536736576718,24.13028107820346,-38.671479649715984,2.472800208298156e-238,-980.4801564238804,-885.8271908914631
fev1,anthropometrics,bmi,,age,-29.463279612612087,1.0785291275773323,-27.31801938330082,1.2257029845465539e-137,-31.578588174651554,-27.34797105057262
fev1,anthropometrics,bmi,,bmi,-43.98287184789391,11.73508286225367,-3.7479813618842397,0.00018391987657732619,-66.99877435812807,-20.966969337659744
fev1,anthropometrics,arm_circ,arm_circ,Intercept,4979.807739796935,62.45455279220686,79.73490349639202,0.0,4857.316240140864,5102.299239453006
fev1,anthropometrics,arm_circ,arm_circ,sex[T.True],-938.5826203464937,24.71204837359445,-37.98076979120019,5.1542040495352075e-232,-987.0501175828628,-890.1151231101247
fev1,anthropometrics,arm_circ,arm_circ,age,-29.449576830069244,1.0895563766565663,-27.028961016628422,3.2111654739764163e-135,-31.58651302718746,-27.312640632951027
fev1,anthropometrics,arm_circ,arm_circ,arm_circ,-7.700643737570835,12.112770139856075,-0.6357458821275325,0.5250233344996955,-31.457300587820228,16.056013112678556
fev1,anthropometrics,arm_len,arm_len,Intercept,4836.542625284796,60.0975967631033,80.47813699356067,0.0,4718.673800289272,4954.4114502803195
fev1,anthropometrics,arm_len,arm_len,sex[T.True],-738.3046625008577,27.997043813201884,-26.37080784053041,9.378572591703798e-130,-793.2149889589753,-683.3943360427402
fev1,anthropometrics,arm_len,arm_len,age,-29.072730399013967,1.037754861378092,-28.015026940376536,1.6391388015089795e-143,-31.10806879409478,-27.037392003933153
fev1,anthropometrics,arm_len,arm_len,arm_len,171.7041371855421,13.635551954848712,12.592386267464974,6.691159074291256e-35,144.9608633501701,198.4474110209141
fev1,anthropometrics,leg_len,leg_len,Intercept,4690.178777677274,64.79324625293582,72.38684660694493,0.0,4563.100421556253,4817.257133798295
fev1,anthropometrics,leg_len,leg_len,sex[T.True],-781.8411936435858,27.15289743590296,-28.794024486307492,3.8253540668423484e-150,-835.0959041207739,-728.5864831663978
fev1,anthropometrics,leg_len,leg_len,age,-25.93843169812044,1.0907358848343176,-23.780671433635355,7.417091479609005e-109,-28.07768125301787,-23.799182143223007
fev1,anthropometrics,leg_len,leg_len,leg_len,153.53987653635423,13.743542740458437,11.171782955522913,4.636753699359852e-28,126.58480143611075,180.4949516365977
fev1,anthropometrics,waist_circ,waist_circ,Intercept,4972.720620295452,61.67040414910993,80.63382572087818,0.0,4851.767063654774,5093.674176936131
fev1,anthropometrics,waist_circ,waist_circ,sex[T.True],-938.5431455667369,24.641435974009966,-38.088005364486285,5.39333515661542e-233,-986.8721513988332,-890.2141397346406
fev1,anthropometrics,waist_circ,waist_circ,age,-29.321603851244127,1.0846778549916862,-27.032545853412735,2.9973478216331043e-135,-31.44897185183992,-27.194235850648333
fev1,anthropometrics,waist_circ,waist_circ,waist_circ,-8.13214576963288,11.997082544460353,-0.677843612352896,0.4979584615678557,-31.661905677736613,15.397614138470852
fev1,demographics,hh_size,hh_size,Intercept,5086.469962595078,65.60126988506673,77.53615092370256,0.0,4957.806837677672,5215.133087512484
fev1,demographics,hh_size,hh_size,sex[T.True],-939.6348134280291,24.077053212370807,-39.02615511707405,1.3945013862724234e-241,-986.856900904898,-892.4127259511603
fev1,demographics,hh_size,hh_size,age,-31.370514200812142,1.1528126443632751,-27.21215312323261,9.447134596938627e-137,-33.631514293157025,-29.10951410846726
fev1,demographics,hh_size,hh_size,hh_size,-60.5475608809555,12.56168431340932,-4.820019303965657,1.5566819812781491e-06,-85.18466868116772,-35.910453080743274
fev1,NA,born_us,born_us,Intercept,4901.189076455866,60.48683496114111,81.02902192856617,0.0,4782.556842413771,5019.82131049796
fev1,NA,born_us,born_us,sex[T.True],-934.5706059583567,23.579770215912713,-39.634423804845454,3.6938605602642384e-247,-980.81737718899,-888.3238347277235
fev1,NA,born_us,born_us,born_us[T.True],233.6794022001501,23.59536853313118,9.903613154930456,1.5074607751387073e-22,187.40203814348928,279.9567662568109
fev1,NA,born_us,born_us,age,-30.620804159088802,1.0615139611350397,-28.846350853781562,1.363888275791905e-150,-32.70274104266395,-28.538867275513653
fev1,demographics,hs_grad,hs_grad,Intercept,4816.398529263718,66.40392163744787,72.53183863989676,0.0,4686.161171364805,4946.635887162631
fev1,demographics,hs_grad,hs_grad,sex[T.True],-933.8455459445076,23.9773145371517,-38.94704490352991,7.400631414956338e-241,-980.8720169393893,-886.819074949626
fev1,demographics,hs_grad,hs_grad,hs_grad[T.True],156.10279939207547,25.948493416299083,6.015871399070217,2.164460228386483e-09,105.21027466368187,206.99532412046906
fev1,demographics,hs_grad,hs_grad,age,-28.554580433094593,1.0802226062820028,-26.433977836638736,2.818879469874826e-130,-30.67321039824875,-26.435950467940437
fev1,demographics,poverty_ratio,poverty_ratio,Intercept,4957.176908119667,61.309863347511815,80.85447654681239,0.0,4836.930476604388,5077.423339634946
fev1,demographics,poverty_ratio,poverty_ratio,sex[T.True],-927.8404432568194,24.089911978507992,-38.51572575626676,6.592582076321531e-237,-975.0877505051452,-880.5931360084936
fev1,demographics,poverty_ratio,poverty_ratio,age,-29.158548947249002,1.0755139675336416,-27.111269427876525,6.594028786782465e-136,-31.267943905572764,-27.04915398892524
fev1,demographics,poverty_ratio,poverty_ratio,poverty_ratio,59.685472057474186,11.723620305328533,5.09104444728105,3.9355137116107615e-07,36.69205094731224,82.67889316763613
fev1,demographics,married,,Intercept,4951.535413411332,64.8498827374454,76.3538067363726,0.0,4824.345976710711,5078.724850111954
fev1,demographics,married,,sex[T.True],-931.8863596313727,24.42768490361167,-38.14877927681112,1.500236530772056e-233,-979.7961375930319,-883.9765816697135
fev1,demographics,married,,married[T.True],26.62694192136166,24.403456823853077,1.091113530085428,0.2753697760248091,-21.23531774594208,74.4892015886654
fev1,demographics,married,,age,-29.30597695806231,1.083694359166985,-27.042658947296957,2.4677775539371923e-135,-31.43141603797759,-27.180537878147028
fev1,demographics,health_ins,health_ins,Intercept,4949.815535331767,61.92749730030667,79.9292035221203,0.0,4828.357744424195,5071.273326239339
fev1,demographics,health_ins,health_ins,sex[T.True],-936.921387263671,24.1514459539637,-38.79359393427559,1.8833198726338775e-239,-984.289380492384,-889.553394034958
fev1,demographics,health_ins,health_ins,health_ins[T.True],90.35534019449277,28.046674654049585,3.2216061728888987,0.001297636876883825,35.34767325673313,145.3630071322524
fev1,demographics,health_ins,health_ins,age,-30.161990343294892,1.1069827213355792,-27.247029029418208,4.822550023119753e-137,-32.333104658705906,-27.99087602788388
fev1,demographics,priv_ins,priv_ins,Intercept,4893.836556181115,63.27119637412609,77.34698941432352,0.0,4769.743381505985,5017.929730856245
fev1,demographics,priv_ins,priv_ins,sex[T.True],-934.3437870766468,24.050042182716755,-38.84998537541446,5.73344907511238e-240,-981.5128980869225,-887.174676066371
fev1,demographics,priv_ins,priv_ins,priv_ins[T.True],117.82050518073206,23.521311356854838,5.009095938283879,6.00743041369978e-07,71.68838873496304,163.95262162650107
fev1,demographics,priv_ins,priv_ins,age,-29.107373612084427,1.0762345492898342,-27.04556700144152,2.3335930051665083e-135,-31.218181840313978,-26.996565383854875
fev1,demographics,eng_lang,eng_lang,Intercept,4886.682910325665,63.643429258728055,76.78220622681965,0.0,4761.859678957824,5011.506141693506
fev1,demographics,eng_lang,eng_lang,sex[T.True],-930.8424273959167,24.06646969768488,-38.67797974064559,2.1561154792729596e-238,-978.0437575296047,-883.6410972622288
fev1,demographics,eng_lang,eng_lang,eng_lang[T.True],136.31629142185648,27.205193967076024,5.010671549955781,5.959124705214248e-07,82.95901227282943,189.67357057088353
fev1,demographics,eng_lang,eng_lang,age,-29.709387901320678,1.0770838766712125,-27.583170210605314,7.259258535095987e-140,-31.821861906983465,-27.59691389565789
fev1,exposures,home_smoke,home_smoke,Intercept,4974.493602621925,61.659074407395714,80.67739664326291,0.0,4853.562266892152,5095.424938351697
fev1,exposures,home_smoke,home_smoke,sex[T.True],-935.4074399494327,24.21042178490924,-38.63656107521794,5.1629751522249883e-238,-982.8911018948847,-887.9237780039807
fev1,exposures,home_smoke,home_smoke,home_smoke[T.True],-55.11314901753441,55.73983102369632,-0.9887570163982827,0.32291567164202306,-164.43513096150724,54.208832926438404
fev1,exposures,home_smoke,home_smoke,age,-29.341713279688022,1.082547080475823,-27.104329972227312,7.536137315407152e-136,-31.4649022131989,-27.218524346177144
fev1,exposures,work_air,work_air,Intercept,4953.129317007005,64.35795903327787,76.96218760520152,0.0,4826.9046854254,5079.3539485886095
fev1,exposures,work_air,work_air,sex[T.True],-925.1679208909818,25.94308251614326,-35.66144926360581,6.727537406272602e-211,-976.0498332741588,-874.2860085078048
fev1,exposures,work_air,work_air,work_air[T.True],28.109692840717575,25.508368988681884,1.1019792309414178,0.270618846923972,-21.91962017990078,78.13900586133593
fev1,exposures,work_air,work_air,age,-29.334275075586877,1.0825830036923523,-27.096559779284206,8.751500281191787e-136,-31.457534464948747,-27.211015686225007
fev1,exposures,work_smoke,work_smoke,Intercept,4972.963363830741,62.05733473422792,80.13498138662226,0.0,4851.250924041999,5094.675803619484
fev1,exposures,work_smoke,work_smoke,sex[T.True],-935.2906062285604,24.300294393565327,-38.488859068152834,1.161332407929086e-236,-982.9505344367604,-887.6306780203603
fev1,exposures,work_smoke,work_smoke,work_smoke[T.True],8.279426893263997,107.69039262690312,0.07688175974943598,0.9387262002356673,-202.93268017775844,219.49153396428645
fev1,exposures,work_smoke,work_smoke,age,-29.363877744046185,1.0853867665159538,-27.05383799574322,1.9904910012708015e-135,-31.492636125836764,-27.235119362255606
fev1,demographics,veteran,,Intercept,4972.228111883652,61.60465106839864,80.7118947295565,0.0,4851.40351611297,5093.052707654334
fev1,demographics,veteran,,sex[T.True],-918.5613241136358,25.671475943117365,-35.781399018466104,5.503079449846239e-212,-968.9105371985395,-868.2121110287321
fev1,demographics,veteran,,veteran[T.True],88.60714063371292,45.09154869799488,1.9650498417601052,0.049562910066821106,0.16953000492716797,177.04475126249866
fev1,demographics,veteran,,age,-29.670091256127463,1.0920297752100623,-27.16967241156052,2.1418635041392603e-136,-31.811878505483183,-27.528304006771744
fev1,demographics,mil_health,mil_health,Intercept,4973.32395148785,61.666701861610086,80.64845048221943,0.0,4852.377656107204,5094.270246868496
fev1,demographics,mil_health,mil_health,sex[T.True],-935.9144531159832,24.246196152048114,-38.60046529553977,1.1050001060957349e-237,-983.4682789755803,-888.360627256386
fev1,demographics,mil_health,mil_health,mil_health[T.True],-30.627085865424696,78.97317159554474,-0.38781633365668855,0.6981980686874246,-185.5163899890074,124.26221825815799
fev1,demographics,mil_health,mil_health,age,-29.348977441148552,1.08377539601078,-27.080313457177454,1.1962563745694359e-135,-31.474575457827928,-27.223379424469176
fev1,admin,psu,,Intercept,5072.465009657566,71.013566994892,71.42952008061259,0.0,4933.186799691477,5211.743219623655
fev1,admin,psu,,sex[T.True],-936.9009314901605,24.170068420289056,-38.76285806057953,3.6009526674225426e-239,-984.3054487787779,-889.4964142015431
fev1,admin,psu,,age,-29.51337980389481,1.0813353923986408,-27.293455861485874,1.9692310439895099e-137,-31.634192265506464,-27.392567342283158
fev1,admin,psu,,psu,-57.62544743780271,20.639739974922957,-2.79196576642036,0.005294556098439042,-98.10596629527076,-17.144928580334664
fev1,admin,strata,,Intercept,5289.635557572825,100.3623420907441,52.705381793403376,0.0,5092.795883888942,5486.475231256708
fev1,admin,strata,,sex[T.True],-934.6008011379549,24.11138202648743,-38.761809676079714,3.681447951972452e-239,-981.8902173800549,-887.311384895855
fev1,admin,strata,,age,-29.755326929326454,1.082037462841358,-27.499350023603576,3.681233924434291e-139,-31.877516354786984,-27.633137503865925
fev1,admin,strata,,strata,-3.645409761322269,0.9154738747436992,-3.981992126583467,7.107406127971057e-05,-5.440919660919247,-1.8498998617252909
fev1,anthropometrics,sit_height,old,Intercept,4172.603998133198,59.24491546239283,70.42974009781246,0.0,4056.4075285798817,4288.800467686514
fev1,anthropometrics,sit_height,old,sex[T.True],-413.4479679746269,27.733926489465187,-14.907660771787087,1.8295020723040145e-47,-467.8422450155429,-359.0536909337109
fev1,anthropometrics,sit_height,old,age,-20.64213943404185,0.9602074934022334,-21.497582112072525,2.228332356178366e-91,-22.525384939604297,-18.758893928479406
fev1,anthropometrics,sit_height,old,sit_height_old,388.9287797292061,14.092810736850465,27.5976728128633,5.480345920322276e-140,361.2886887454565,416.5688707129557
fev1,anthropometrics,sit_height,sit_height,Intercept,4973.657602256479,61.66679896536568,80.65373403036318,0.0,4852.711116427192,5094.604088085765
fev1,anthropometrics,sit_height,sit_height,sex[T.True],-935.6534486762024,24.222541544589788,-38.62738544400122,6.264796089626714e-238,-983.160880987022,-888.1460163653828
fev1,anthropometrics,sit_height,sit_height,age,-29.370596843347084,1.0824238971974907,-27.13409868295651,4.249198897312811e-136,-31.493544178706653,-27.247649507987514
fev1,anthropometrics,sit_height,sit_height,sit_height,-4.379599317840615,11.777324671606255,-0.3718670784715067,0.7100358330215238,-27.47835027297518,18.71915163729395
fev1,demographics,race,adj,Intercept,4973.497254485562,61.650454920640975,80.67251508342727,0.0,4852.582869750652,5094.411639220471
fev1,demographics,race,adj,sex[T.True],-935.4451949109541,24.210240546508764,-38.63840977184549,4.6023145637414705e-238,-982.92848345657,-887.9619063653382
fev1,demographics,race,adj,race_adj[T.True],0.0,0.0,,,0.0,0.0
fev1,demographics,race,adj,age,-29.369998845906654,1.0821622749858089,-27.140105994077278,3.6856351414741574e-136,-31.492432262361955,-27.247565429451353
fev1,demographics,immigrant,,Intercept,5134.868478656032,62.216155479897864,82.53271901885863,0.0,5012.844545302067,5256.892412009996
fev1,demographics,immigrant,,sex[T.True],-934.5706059583573,23.579770215912742,-39.63442380484543,3.6938605602659184e-247,-980.8173771889906,-888.323834727724
fev1,demographics,immigrant,,immigrant[T.True],-233.67940220015092,23.595368533131154,-9.903613154930502,1.5074607751380366e-22,-279.95676625681165,-187.40203814349016
fev1,demographics,immigrant,,age,-30.62080415908879,1.061513961135039,-28.846350853781573,1.3638882757916718e-150,-32.702741042663945,-28.538867275513642
fev1,demographics,race,0,Intercept,4951.84613543591,57.28361272077582,86.44437562926188,0.0,4839.496349644777,5064.195921227042
fev1,demographics,race,0,sex[T.True],-915.1763295668158,22.52171347523403,-40.6352887214016,2.3972797018974076e-256,-959.3479445263257,-871.0047146073058
fev1,demographics,race,0,race_0[T.True],389.9967507149518,23.080794295056002,16.897024674687675,1.5189472085544562e-59,344.7286160465138,435.2648853833898
fev1,demographics,race,0,age,-31.715254162517947,1.0147953380411976,-31.252857570016157,1.7487971096488479e-171,-33.705562270466906,-29.724946054568992
fev1,demographics,race,1,Intercept,5042.903518002402,60.36393224704315,83.5416668576859,0.0,4924.512331843746,5161.294704161058
fev1,demographics,race,1,sex[T.True],-930.0092456924715,23.55784854316612,-39.4776816731958,1.0119460279115341e-245,-976.2130221621202,-883.8054692228228
fev1,demographics,race,1,race_1[T.True],-286.1763517635342,28.259158694465278,-10.12685320386355,1.7774445603285794e-23,-341.60076155829734,-230.75194196877112
fev1,demographics,race,1,age,-29.612598001430367,1.0530004545267715,-28.12211321859168,2.027865038516056e-144,-31.677837428292502,-27.547358574568232
fev1,demographics,race,2,Intercept,5007.937037446038,60.81292739860345,82.34987611468024,0.0,4888.665241516051,5127.208833376025
fev1,demographics,race,2,sex[T.True],-933.480310654657,23.819281344342926,-39.19011229431397,4.383175484592397e-243,-980.1968327039912,-886.7637886053229
fev1,demographics,race,2,race_2[T.True],-415.01640857338117,53.36355778775908,-7.777150283420208,1.2429436079460857e-14,-519.6778292091822,-310.35498793758023
fev1,demographics,race,2,age,-29.64273059120483,1.0652044891570391,-27.82820659595879,6.233421258509443e-142,-31.731905671063952,-27.55355551134571
fev1,demographics,race,3,Intercept,5001.532183908782,63.00752777690009,79.37991475587542,0.0,4877.956139858122,5125.108227959442
fev1,demographics,race,3,sex[T.True],-933.8997492464739,24.198017367199473,-38.59406062384183,1.2647222258174393e-237,-981.3590825295674,-886.4404159633804
fev1,demographics,race,3,race_3[T.True],-52.17230875977053,24.722586223040757,-2.110309507633445,0.034970120077120935,-100.66047377653533,-3.684143743005741
fev1,demographics,race,3,age,-29.562592651283637,1.084965648023223,-27.247491849300346,4.779697568122e-137,-31.690525097519462,-27.434660205047813
fev1,demographics,race,4,Intercept,4995.360764624309,61.577618730972794,81.12299350919368,0.0,4874.589187110943,5116.132342137675
fev1,demographics,race,4,sex[T.True],-935.814772252182,24.096694119225578,-38.8358157190343,7.730481566219974e-240,-983.0753812463412,-888.5541632580229
fev1,demographics,race,4,race_4[T.True],-267.87826907617836,63.241006636402744,-4.235831833233067,2.3927532867618628e-05,-391.91223291586664,-143.84430523649004
fev1,demographics,race,4,age,-29.588894360886307,1.0783188480284267,-27.439837868906732,1.1643624338361304e-138,-31.70379050371627,-27.473998218056344
fvc,baseline,sex,,Intercept,5993.475981351436,81.47982636296904,73.55779030078237,0.0,5833.670460278352,6153.281502424519
fvc,baseline,sex,,sex[T.True],-1248.9732544088645,31.99726909516768,-39.0337453703975,1.0988645198884616e-241,-1311.7291596299988,-1186.2173491877302
fvc,baseline,sex,,age,-31.096080822295534,1.4302310400775036,-21.741998286242236,3.302471367121558e-93,-33.90117782380755,-28.290983820783516
fvc,NA,age,,Intercept,5993.475981351436,81.47982636296904,73.55779030078237,0.0,5833.670460278352,6153.281502424519
fvc,NA,age,,sex[T.True],-1248.9732544088645,31.99726909516768,-39.0337453703975,1.0988645198884616e-241,-1311.7291596299988,-1186.2173491877302
fvc,NA,age,,age,-31.096080822295534,1.4302310400775036,-21.741998286242236,3.302471367121558e-93,-33.90117782380755,-28.290983820783516
fvc,outcomes,fev1,,Intercept,-241.86570658537732,55.52234718101459,-4.356186632327412,1.3984723044579738e-05,-350.76113960937494,-132.9702735613797
fvc,outcomes,fev1,,sex[T.True],-76.19278984786742,13.715544420949705,-5.555214398306152,3.1891824881418067e-08,-103.0929521196437,-49.292627576091135
fvc,outcomes,fev1,,age,5.72548935417732,0.5378516726950494,10.645108391107584,1.0593593802479784e-25,4.670606162552521,6.780372545802119
fvc,outcomes,fev1,,fev1,1.253713708661073,0.009885922887443305,126.81807484594978,0.0,1.2343245454082972,1.2731028719138489
fvc,outcomes,fvc,,Intercept,-2.7551294579097885e-12,2.175836384069087e-13,-12.662392623278736,2.9566931441966414e-35,-3.181874106258502e-12,-2.328384809561075e-12
fvc,outcomes,fvc,,sex[T.True],-1.438849039914203e-13,5.79679338156464e-14,-2.4821464992872255,0.013150462288054415,-2.575768420102031e-13,-3.019296597263751e-14
fvc,outcomes,fvc,,age,1.8068879725774423e-14,2.1412835892984168e-15,8.438340356260154,6.542174193483509e-17,1.3869201298570547e-14,2.22685581529783e-14
fvc,outcomes,fvc,,fvc,1.0000000000000007,3.146713215185437e-17,3.1779190908602396e+16,0.0,1.0000000000000007,1.0000000000000007
fvc,outcomes,fev1,fvc,Intercept,9344.308975388398,293.7671554713362,31.80855586253635,2.2162432476428745e-176,8768.14634488963,9920.471605887165
fvc,outcomes,fev1,fvc,sex[T.True],-1194.212775979837,31.167902889221764,-38.31546768559813,4.482859259905552e-235,-1255.3420771332342,-1133.08347482644
fvc,outcomes,fev1,fvc,age,-36.42807074137272,1.4494989336302684,-25.131491921928262,1.2580876575750188e-119,-39.27095873259699,-33.585182750148455
fvc,outcomes,fev1,fvc,fev1_fvc,-3.8952254148393486,0.32907953197867523,-11.836729532883146,3.5469626957229652e-31,-4.540645861804997,-3.249804967873701
fvc,anthropometrics,height,,Intercept,5213.886665084434,75.24436623147615,69.29271819560314,0.0,5066.310630219059,5361.462699949809
fvc,anthropometrics,height,,sex[T.True],-601.822877675383,36.624593781195294,-16.43220621833588,1.270918138790954e-56,-673.6543329654255,-529.9914223853405
fvc,anthropometrics,height,,age,-24.140839893262264,1.2427422834216557,-19.42545949816323,2.000506131140335e-76,-26.578218101521934,-21.703461685002594
fvc,anthropometrics,height,,height,479.3202292871839,18.1914283603211,26.34868575425725,1.4283436855248998e-129,443.6415599008945,514.9988986734733
fvc,anthropometrics,weight,,Intercept,5935.168370906546,82.49376683250378,71.94687064002514,0.0,5773.3741579976595,6096.962583815433
fvc,anthropometrics,weight,,sex[T.True],-1206.242694319664,33.667661610087215,-35.82793210557457,2.082848739536305e-212,-1272.2747476473646,-1140.2106409919634
fvc,anthropometrics,weight,,age,-30.51304194133946,1.4321654528080603,-21.305528548752694,5.9213479021138315e-90,-33.32193394723922,-27.70414993543969
fvc,anthropometrics,weight,,weight,64.89237175364802,16.489746485626082,3.9353165198879156,8.626388879392824e-05,32.551194278676185,97.23354922861986
fvc,anthropometrics,bmi,,Intercept,6000.617969588919,80.8506319931285,74.21856603543819,0.0,5842.046420867251,6159.189518310586
fvc,anthropometrics,bmi,,sex[T.True],-1244.6055483807197,31.756174278394717,-39.19255315422191,4.163085184255542e-243,-1306.8886204193925,-1182.322476342047
fvc,anthropometrics,bmi,,age,-31.273876671435566,1.4193767088195373,-22.03352815155416,2.1564763372843193e-95,-34.05768623962925,-28.49006710324188
fvc,anthropometrics,bmi,,bmi,-83.83263049824194,15.44372132829196,-5.428266200625211,6.467477927611909e-08,-114.12224912807828,-53.5430118684056
fvc,anthropometrics,arm_circ,arm_circ,Intercept,6017.233340618511,82.4762335077961,72.9571791132985,0.0,5855.473515646794,6178.993165590227
fvc,anthropometrics,arm_circ,arm_circ,sex[T.True],-1260.7848567766293,32.63423691300295,-38.633808418369235,5.471444468845799e-238,-1324.7900644178571,-1196.7796491354015
fvc,anthropometrics,arm_circ,arm_circ,age,-31.395671529856667,1.4388463630508668,-21.820030502274516,8.703042512821933e-94,-34.217666739255975,-28.573676320457363
fvc,anthropometrics,arm_circ,arm_circ,arm_circ,-28.990949322204205,15.995882026485148,-1.812400796292602,0.07009176632926294,-60.36351529453222,2.38161665012381
fvc,anthropometrics,arm_len,arm_len,Intercept,5793.654597745719,78.65427941215881,73.65975050621472,0.0,5639.39073372258,5947.918461768858
fvc,anthropometrics,arm_len,arm_len,sex[T.True],-961.3386254748538,36.641853009170525,-26.23608105284018,1.212656513433721e-128,-1033.203931118843,-889.4733198308646
fvc,anthropometrics,arm_len,arm_len,age,-30.662356217971663,1.3581884338887786,-22.575922053892697,1.6377005501792664e-99,-33.32615782481506,-27.998554611128263
fvc,anthropometrics,arm_len,arm_len,arm_len,250.52207773823037,17.845880220856568,14.038090284022191,1.507131257845708e-42,215.5211285166694,285.5230269597913
fvc,anthropometrics,leg_len,leg_len,Intercept,5560.515959496046,84.62152691108874,65.71041864250975,0.0,5394.548591688407,5726.483327303685
fvc,anthropometrics,leg_len,leg_len,sex[T.True],-1014.2395635638438,35.46233248009524,-28.600475282699733,1.7249863979457826e-148,-1083.791487204086,-944.6876399236016
fvc,anthropometrics,leg_len,leg_len,age,-25.852048014971196,1.4245271130741541,-18.147810440183218,1.075874846903107e-67,-28.645959020334434,-23.058137009607957
fvc,anthropometrics,leg_len,leg_len,leg_len,234.63569707753558,17.949395023755365,13.072067151400026,2.305919213750866e-37,199.4317252919373,269.83966886313385
fvc,anthropometrics,waist_circ,waist_circ,Intercept,5990.409800604673,81.42326351580031,73.57123188070477,0.0,5830.7151553139565,6150.10444589539
fvc,anthropometrics,waist_circ,waist_circ,sex[T.True],-1261.204079134758,32.53401955771832,-38.76570114237705,3.3914073687084016e-239,-1325.0127314634979,-1197.3954268060183
fvc,anthropometrics,waist_circ,waist_circ,age,-30.90501557849813,1.43209716289845,-21.580250543858945,5.401719495602999e-92,-33.71377364807035,-28.09625750892591
fvc,anthropometrics,waist_circ,waist_circ,waist_circ,-32.106014783706534,15.839714801877168,-2.02693136747018,0.042817393198951934,-63.172291515552715,-1.0397380518603576
fvc,demographics,hh_size,hh_size,Intercept,6162.827384633073,86.54005038974513,71.2135867367528,0.0,5993.097235610622,6332.557533655524
fvc,demographics,hh_size,hh_size,sex[T.True],-1255.253689630385,31.762028416304418,-39.520576997721754,4.0902373983658325e-246,-1317.548243332118,-1192.959135928652
fvc,demographics,hh_size,hh_size,age,-34.09494743626781,1.520770322097732,-22.419524461285945,2.5576023208438903e-98,-37.077619300174604,-31.112275572361014
fvc,demographics,hh_size,hh_size,hh_size,-90.76364169767817,16.571154725618737,-5.477206821161294,4.933153874435546e-08,-123.26448435245266,-58.26279904290369
fvc,NA,born_us,born_us,Intercept,5893.998073723898,79.75872807629015,73.89784435988273,0.0,5737.568065406801,6050.428082040996
fvc,NA,born_us,born_us,sex[T.True],-1247.7700394834008,31.09259199891367,-40.13078226244361,1.0291386178826485e-251,-1308.7516341289158,-1186.7884448378857
fvc,NA,born_us,born_us,born_us[T.True],321.48421686108367,31.11316014307718,10.332740723947817,2.385167328719131e-24,260.46228211687134,382.506151605296
fvc,NA,born_us,born_us,age,-32.81687505049045,1.3997261293262753,-23.445211433100894,3.1474739615878496e-106,-35.562144130543125,-30.071605970437783
fvc,demographics,hs_grad,hs_grad,Intercept,5779.611691359886,87.70809693324661,65.8959878671027,0.0,5607.590664148656,5951.632718571116
fvc,demographics,hs_grad,hs_grad,sex[T.True],-1246.7955932600462,31.669885991153194,-39.36849010471119,1.0149892323420406e-244,-1308.909428930281,-1184.6817575898115
fvc,demographics,hs_grad,hs_grad,hs_grad[T.True],212.5084994199638,34.27347240505452,6.200378441626005,6.977029320025971e-10,145.28827534304207,279.72872349688555
fvc,demographics,hs_grad,hs_grad,age,-29.986021656277945,1.4267872548032776,-21.016463074876818,7.981517939236543e-88,-32.78436545536812,-27.187677857187776
fvc,demographics,poverty_ratio,poverty_ratio,Intercept,5969.35411489003,80.88251074736004,73.80277960875326,0.0,5810.720042681469,6127.988187098592
fvc,demographics,poverty_ratio,poverty_ratio,sex[T.True],-1237.7332476246534,31.78040951519599,-38.946422230110784,7.49848572905615e-241,-1300.0638519947188,-1175.402643254588
fvc,demographics,poverty_ratio,poverty_ratio,age,-30.78355276043033,1.4188625661242158,-21.69593693948745,7.3954567946964854e-93,-33.56635394561635,-28.000751575244312
fvc,demographics,poverty_ratio,poverty_ratio,poverty_ratio,88.21657055431636,15.466285415920545,5.70379817661381,1.3680397197252827e-08,57.88269720151064,118.55044390712209
fvc,demographics,married,,Intercept,5963.765793175541,85.70696415247365,69.58321126117518,0.0,5795.669567990248,6131.862018360835
fvc,demographics,married,,sex[T.True],-1244.158828082491,32.28414032509691,-38.53777165982989,4.1425293718650454e-237,-1307.4773947318322,-1180.8402614331499
fvc,demographics,married,,married[T.True],36.02118111861019,32.2521199871148,1.116862430531735,0.2642030407293919,-27.234584357020346,99.27694659424071
fvc,demographics,married,,age,-31.009471401490824,1.4322331771886478,-21.651133275909572,1.5985647083373264e-92,-33.81849623455163,-28.200446568430017
fvc,demographics,health_ins,health_ins,Intercept,5966.681584427021,81.90933420616817,72.84495280365374,0.0,5806.033613475642,6127.329555378401
fvc,demographics,health_ins,health_ins,sex[T.True],-1250.643474530077,31.9442726485836,-39.150788884389584,1.0051318582419198e-242,-1313.2954620507635,-1187.9914870093903
fvc,demographics,health_ins,health_ins,health_ins[T.True],102.23146527882783,37.09635537941943,2.755835828970533,0.005913581007834253,29.47474860970081,174.98818194795484
fvc,demographics,health_ins,health_ins,age,-31.992170097064434,1.4641673188023452,-21.850077983732955,5.178411841933975e-94,-34.86382704774692,-29.120513146381946
fvc,demographics,priv_ins,priv_ins,Intercept,5886.405426959749,83.60179240662984,70.41003855908886,0.0,5722.438054398538,6050.37279952096
fvc,demographics,priv_ins,priv_ins,sex[T.True],-1247.4928713600016,31.7779139506266,-39.25660045836342,1.0772185941601347e-243,-1309.8185812038407,-1185.1671615161624
fvc,demographics,priv_ins,priv_ins,priv_ins[T.True],158.36048486795346,31.079288868822868,5.095370281358416,3.847955897907041e-07,97.40498152054381,219.31598821536312
fvc,demographics,priv_ins,priv_ins,age,-30.743090828721492,1.422055256210797,-21.61877373924232,2.787822358367887e-92,-33.53215380554892,-27.95402785189406
fvc,demographics,eng_lang,eng_lang,Intercept,5871.8733277274105,84.04108996016166,69.86907631149094,0.0,5707.04436519843,6036.702290256391
fvc,demographics,eng_lang,eng_lang,sex[T.True],-1242.526062423954,31.779751161181558,-39.09804252783701,3.0594769139485713e-242,-1304.8553755707712,-1180.1967492771369
fvc,demographics,eng_lang,eng_lang,eng_lang[T.True],190.94105852549717,35.924433679964416,5.315074977284549,1.1996891696646382e-07,120.48282035037752,261.3992967006168
fvc,demographics,eng_lang,eng_lang,age,-31.57147011595033,1.4222882712051728,-22.197659050649637,1.2391050462297195e-96,-34.360990102792684,-28.78195012910798
fvc,exposures,home_smoke,home_smoke,Intercept,5994.489449436203,81.50028979774001,73.55175624912232,0.0,5834.643733256882,6154.335165615525
fvc,exposures,home_smoke,home_smoke,sex[T.True],-1248.9348507152713,32.00107057330316,-39.027908389952216,1.3438574436242589e-241,-1311.698235446653,-1186.1714659838897
fvc,exposures,home_smoke,home_smoke,home_smoke[T.True],-56.06014157193651,73.67629866924212,-0.7608979086152182,0.4468182682523134,-200.5607409618683,88.4404578179953
fvc,exposures,home_smoke,home_smoke,age,-31.06730923375591,1.4308988843318484,-21.711743278255923,5.6333544554707185e-93,-33.873717131370014,-28.260901336141803
fvc,exposures,work_air,work_air,Intercept,5957.144941202658,85.03447131691246,70.05564742092828,0.0,5790.367669596456,6123.9222128088595
fvc,exposures,work_air,work_air,sex[T.True],-1230.6413022692411,34.27790966693928,-35.901877163069344,4.445928680626064e-213,-1297.8702291042218,-1163.4123754342604
fvc,exposures,work_air,work_air,work_air[T.True],50.14029428564237,33.70353416564542,1.4876865446577177,0.13700970844272423,-15.962115532183873,116.24270410346861
fvc,exposures,work_air,work_air,age,-31.032359017614585,1.4303883273870446,-21.6950589035516,7.508088634250206e-93,-33.83776556491822,-28.22695247031095
fvc,exposures,work_smoke,work_smoke,Intercept,5989.874810762676,82.0141839679165,73.03462061033105,0.0,5829.021199005608,6150.7284225197445
fvc,exposures,work_smoke,work_smoke,sex[T.True],-1247.9305311257904,32.11495987385949,-38.85823105578794,4.818209907542779e-240,-1310.9172858213494,-1184.9437764302313
fvc,exposures,work_smoke,work_smoke,work_smoke[T.True],55.84594589018094,142.32225264435334,0.39239082330809805,0.694816182117256,-223.2892873543737,334.98117913473556
fvc,exposures,work_smoke,work_smoke,age,-31.054793094571416,1.4344333401783012,-21.64951986595019,1.6435308053550438e-92,-33.8681330856478,-28.241453103495033
fvc,demographics,veteran,,Intercept,5991.81154188184,81.42063696325546,73.59082126299135,0.0,5832.122048022777,6151.501035740903
fvc,demographics,veteran,,sex[T.True],-1226.8306039985014,33.929060335960735,-36.15869675878433,2.0742053485546996e-215,-1293.3753360743306,-1160.2858719226722
fvc,demographics,veteran,,veteran[T.True],116.2053987777482,59.595867405759996,1.949890216154767,0.051345140653568794,-0.6793893677012051,233.09018692319762
fvc,demographics,veteran,,age,-31.489642311251004,1.4432962177112967,-21.817865192763843,9.034675577873588e-94,-34.32036497679624,-28.65891964570577
fvc,demographics,mil_health,mil_health,Intercept,5993.247447366392,81.50131424810803,73.53559267917596,0.0,5833.399721942648,6153.0951727901365
fvc,demographics,mil_health,mil_health,sex[T.True],-1249.5920633679461,32.04479552585798,-38.99516420254921,2.6815644215576232e-241,-1312.4412054183922,-1186.7429213175
fvc,demographics,mil_health,mil_health,mil_health[T.True],-40.38781830750556,104.37427462591721,-0.3869518466332589,0.6988378543786281,-245.09605578348481,164.32041916847368
fvc,demographics,mil_health,mil_health,age,-31.068359978083745,1.4323632764221272,-21.690279616557056,8.151878074947559e-93,-33.877639973490616,-28.25907998267687
fvc,admin,psu,,Intercept,6127.412307483096,93.84458944638978,65.29318678498218,0.0,5943.355837906855,6311.468777059336
fvc,admin,psu,,sex[T.True],-1250.9433507184733,31.940800100300983,-39.164433789706024,7.536303743942024e-243,-1313.5885275643932,-1188.2981738725534
fvc,admin,psu,,age,-31.29012300014221,1.4289871674915373,-21.896713778801317,2.311486760446102e-94,-34.092781466334294,-28.487464533950124
fvc,admin,psu,,psu,-77.98641798126144,27.27546307265775,-2.8592151771545473,0.00429610114662914,-131.48151523541262,-24.491320727110256
fvc,admin,strata,,Intercept,6436.589493355067,132.56978174730264,48.552463529163425,0.0,6176.581685288089,6696.597301422045
fvc,admin,strata,,sex[T.True],-1247.789714525803,31.84900418114162,-39.17829604432789,5.624685158873662e-243,-1310.2548529390158,-1185.3245761125902
fvc,admin,strata,,age,-31.63617380897377,1.4292758349699093,-22.134407533476427,3.731066021992e-96,-34.43939843584985,-28.832949182097686
fvc,admin,strata,,strata,-5.109568521932205,1.2092600595191023,-4.225367803815645,2.5055396685217565e-05,-7.481278374014714,-2.737858669849697
fvc,anthropometrics,sit_height,old,Intercept,4844.186406996058,75.26120307330903,64.36498765874794,0.0,4696.57735019852,4991.795463793596
fvc,anthropometrics,sit_height,old,sex[T.True],-499.902181576149,35.23152421187641,-14.18905916672302,2.194447930552808e-43,-569.0014232317615,-430.8029399205366
fvc,anthropometrics,sit_height,old,age,-18.571518093198694,1.2197902653660024,-15.22517322896182,2.573683330984163e-49,-20.963880734360735,-16.179155452036653
fvc,anthropometrics,sit_height,old,sit_height_old,558.116563180159,17.902665274509193,31.17505436326491,8.441124588162777e-171,523.0042419918,593.228884368518
fvc,anthropometrics,sit_height,sit_height,Intercept,5993.599108946981,81.50351276682544,73.53792377138583,0.0,5833.747071590115,6153.451146303846
fvc,anthropometrics,sit_height,sit_height,sex[T.True],-1249.133167984395,32.01434576056443,-39.01791957039112,1.6591394614449115e-241,-1311.9225892098855,-1186.3437467589044
fvc,anthropometrics,sit_height,sit_height,age,-31.09654001163477,1.4306134160441983,-21.736508034169066,3.6768762166260825e-93,-33.90238802310615,-28.29069200016339
fvc,anthropometrics,sit_height,sit_height,sit_height,-3.362999874061666,15.565804417226516,-0.2160505030077256,0.8289729979403301,-33.89205886457104,27.166059116447713
fvc,demographics,race,adj,Intercept,5993.475981351458,81.47982636296939,73.55779030078233,0.0,5833.670460278374,6153.281502424543
fvc,demographics,race,adj,sex[T.True],-1248.9732544088672,31.99726909516771,-39.033745370397554,1.0988645198869619e-241,-1311.7291596300015,-1186.217349187733
fvc,demographics,race,adj,race_adj[T.True],0.0,0.0,,,0.0,0.0
fvc,demographics,race,adj,age,-31.096080822295633,1.4302310400775047,-21.74199828624229,3.3024713671182645e-93,-33.90117782380765,-28.290983820783612
fvc,demographics,immigrant,,Intercept,6215.482290585005,82.03903262687342,75.76250098966925,0.0,6054.579943397708,6376.384637772302
fvc,demographics,immigrant,,sex[T.True],-1247.7700394834017,31.09259199891371,-40.13078226244358,1.0291386178832338e-251,-1308.7516341289167,-1186.7884448378866
fvc,demographics,immigrant,,immigrant[T.True],-321.4842168610856,31.113160143077145,-10.332740723947891,2.385167328717369e-24,-382.5061516052979,-260.4622821168733
fvc,demographics,immigrant,,age,-32.81687505049047,1.3997261293262744,-23.445211433100923,3.1474739615864153e-106,-35.56214413054313,-30.071605970437798
fvc,demographics,race,0,Intercept,5962.071859573188,74.46382113524479,80.06669237057531,0.0,5816.026700122207,6108.117019024168
fvc,demographics,race,0,sex[T.True],-1219.5740388710874,29.276310697331763,-41.657367674480895,9.729300894411326e-266,-1276.9933788773249,-1162.15469886485
fvc,demographics,race,0,race_0[T.True],565.6754010958111,30.00306817979533,18.853918462804025,1.800653816138805e-72,506.830678792635,624.5201233989873
fvc,demographics,race,0,age,-34.49778414280824,1.3191475703377493,-26.151573120796158,6.021586619586333e-128,-37.08501528824518,-31.91055299737131
fvc,demographics,race,1,Intercept,6089.413365909426,79.56477281423848,76.53403824989867,0.0,5933.363760138704,6245.462971680148
fvc,demographics,race,1,sex[T.True],-1241.4593684252964,31.051238671103395,-39.980993401741856,2.4400757280628936e-250,-1302.3598571960147,-1180.558879654578
fvc,demographics,race,1,race_1[T.True],-395.5696405393227,37.247963440234265,-10.619899828188695,1.366102968204842e-25,-468.62370460585953,-322.5155764727858
fvc,demographics,race,1,age,-31.431415521177232,1.387943740888689,-22.646029947187884,4.760949554441928e-100,-34.153575918760396,-28.709255123594073
fvc,demographics,race,2,Intercept,6038.004523613729,80.43123376192158,75.07039543228159,0.0,5880.255536514824,6195.753510712635
fvc,demographics,race,2,sex[T.True],-1246.4327787111129,31.50340343411621,-39.56501973882937,1.599991513672736e-246,-1308.2200937809057,-1184.64546364132
fvc,demographics,race,2,race_2[T.True],-536.5909451259787,70.57869065671105,-7.602733064798736,4.651037596472559e-14,-675.016236410447,-398.16565384151033
fvc,demographics,race,2,age,-31.4487063617977,1.4088404379889397,-22.322404662581523,1.4018618882647037e-97,-34.211851245719025,-28.685561477876377
fvc,demographics,race,3,Intercept,6051.95314175145,83.11881188691112,72.81087162296726,0.0,5888.933034129624,6214.973249373276
fvc,demographics,race,3,sex[T.True],-1245.7496588489498,31.921748472693622,-39.02510728428877,1.425674952074515e-241,-1308.3574699251672,-1183.1418477727325
fvc,demographics,race,3,race_3[T.True],-108.82454604132627,32.613753723316854,-3.3367684984854513,0.0008649354806840071,-172.78958020423727,-44.859511878415276
fvc,demographics,race,3,age,-31.497806065796528,1.4312743061610045,-22.0068270143692,3.4283020159741976e-95,-34.304950274548915,-28.690661857044145
fvc,demographics,race,4,Intercept,6022.293519401077,81.3857674769261,73.99688798300603,0.0,5862.672414722334,6181.91462407982
fvc,demographics,race,4,sex[T.True],-1249.4603815456137,31.84806403634901,-39.23190998735661,1.81403593930916e-243,-1311.9236760620984,-1186.997087029129
fvc,demographics,race,4,race_4[T.True],-353.0811000969658,83.5842302314977,-4.224254971530641,2.5178277388134104e-05,-517.0140281369531,-189.14817205697858
fvc,demographics,race,4,age,-31.384599444958994,1.4251900096209187,-22.021343984376422,2.664612911400121e-95,-34.17981058279456,-28.589388307123425
fev1_fvc,baseline,sex,,Intercept,860.2410995962407,5.6358366864276,152.63769116445485,0.0,849.1875927521627,871.2946064403187
fev1_fvc,baseline,sex,,sex[T.True],14.058359298132295,2.2132028390526757,6.352042862980304,2.687370859614562e-10,9.7176279941689,18.39909060209569
fev1_fvc,baseline,sex,,age,-1.3688527238409018,0.09892692370046162,-13.837008901495988,1.9082256877843675e-41,-1.5628770522640463,-1.1748283954177574
fev1_fvc,NA,age,,Intercept,860.2410995962407,5.6358366864276,152.63769116445485,0.0,849.1875927521627,871.2946064403187
fev1_fvc,NA,age,,sex[T.True],14.058359298132295,2.2132028390526757,6.352042862980304,2.687370859614562e-10,9.7176279941689,18.39909060209569
fev1_fvc,NA,age,,age,-1.3688527238409018,0.09892692370046162,-13.837008901495988,1.9082256877843675e-41,-1.5628770522640463,-1.1748283954177574
fev1_fvc,outcomes,fev1,,Intercept,844.1729810455498,12.127598520306758,69.60759623037036,0.0,820.387241438677,867.9587206524226
fev1_fvc,outcomes,fev1,,sex[T.True],17.080547412533363,2.995849863522857,5.701403004370898,1.3870564246986463e-08,11.204816563122176,22.95627826194455
fev1_fvc,outcomes,fev1,,age,-1.2739656455652109,0.11748150935793707,-10.84396729772813,1.3993181785404303e-26,-1.504380973507613,-1.0435503176228087
fev1_fvc,outcomes,fev1,,fev1,0.003230748450938243,0.002159355824615073,1.4961630751681034,0.13478744980727014,-0.0010043748735085903,0.007465871775385076
fev1_fvc,outcomes,fvc,,Intercept,971.9346186728928,10.886456749482871,89.27924310350672,0.0,950.5831182046755,993.2861191411101
fev1_fvc,outcomes,fvc,,sex[T.True],-9.217318864526199,2.900334827386003,-3.1780188885410623,0.0015081710167399647,-14.905717013709214,-3.528920715343184
fev1_fvc,outcomes,fvc,,age,-1.9483546201263913,0.10713577249627648,-18.18584563054424,5.9927630057726864e-68,-2.1584789561942985,-1.7382302840584842
fev1_fvc,outcomes,fvc,,fvc,-0.018635849951533483,0.0015744086996136348,-11.83672953287592,3.5469626960063857e-31,-0.021723722237303858,-0.01554797766576311
fev1_fvc,outcomes,fev1,fvc,Intercept,-7.336353746723034e-13,1.384926866665169e-13,-5.297286032430426,1.3206032128511087e-07,-1.0052597178586462e-12,-4.620110314859607e-13
fev1_fvc,outcomes,fev1,fvc,sex[T.True],-5.3290705182007514e-14,1.4693700532871838e-14,-3.626772239082241,0.0002950237626362727,-8.210931540818248e-14,-2.447209495583256e-14
fev1_fvc,outcomes,fev1,fvc,age,1.8735013540549517e-15,6.833473310405338e-16,2.7416531373615944,0.0061739103867985735,5.332589598195541e-16,3.2137437482903492e-15
fev1_fvc,outcomes,fev1,fvc,fev1_fvc,1.0000000000000004,1.551402451290495e-16,6445780713883594.0,0.0,1.0000000000000002,1.0000000000000007
fev1_fvc,anthropometrics,height,,Intercept,880.6867166084018,6.006885553134196,146.61286765300338,0.0,868.905471098345,892.4679621184586
fev1_fvc,anthropometrics,height,,sex[T.True],-2.913895805782098,2.923803525660376,-0.9966113592136666,0.3190878916670205,-8.648322881890078,2.8205312703258807
fev1_fvc,anthropometrics,height,,age,-1.5512618324511371,0.09921022718949807,-15.636108054546884,9.331212429709296e-52,-1.745841874519383,-1.3566817903828912
fev1_fvc,anthropometrics,height,,height,-12.570718492031888,1.4522526227721377,-8.656013626634893,1.0692157469716436e-17,-15.419007266665755,-9.722429717398022
fev1_fvc,anthropometrics,weight,,Intercept,858.0308793651484,5.723213537234944,149.9211716953844,0.0,846.8059969877133,869.2557617425834
fev1_fvc,anthropometrics,weight,,sex[T.True],15.678112666079253,2.3357791029852057,6.712155548460078,2.565765559136409e-11,11.096972102285626,20.25925322987288
fev1_fvc,anthropometrics,weight,,age,-1.3467519325312804,0.09936009739637353,-13.554253345371968,6.48677651850448e-40,-1.5416259135611106,-1.1518779515014503
fev1_fvc,anthropometrics,weight,,weight,2.4598235427434836,1.1440178323257588,2.1501618884233,0.03167600463700647,0.21607262868113386,4.703574456805834
fev1_fvc,anthropometrics,bmi,,Intercept,859.6714486604407,5.577118587764905,154.14258010335118,0.0,848.7331008694,870.6097964514813
fev1_fvc,anthropometrics,bmi,,sex[T.True],13.709987424153008,2.1905573955116315,6.2586752815718265,4.847376503086424e-10,9.413668765821377,18.006306082484638
fev1_fvc,anthropometrics,bmi,,age,-1.3546715786924957,0.09790934258214333,-13.835978701991205,1.9379668570398788e-41,-1.5467002085848423,-1.162642948800149
fev1_fvc,anthropometrics,bmi,,bmi,6.686560496313576,1.0653159185150058,6.276598687865556,4.3311978912257354e-10,4.597166871151466,8.775954121475685
fev1_fvc,anthropometrics,arm_circ,arm_circ,Intercept,856.4341305686535,5.68185136909642,150.73152656311942,0.0,845.2903714044638,867.5778897328431
fev1_fvc,anthropometrics,arm_circ,arm_circ,sex[T.True],15.951095097373535,2.2481977631293697,7.09505869944932,1.8554211342820603e-12,11.541726953382872,20.3604632413642
fev1_fvc,anthropometrics,arm_circ,arm_circ,age,-1.3208451767135339,0.09912323623565084,-13.325283020153012,1.0780069611123245e-38,-1.5152546042802444,-1.1264357491468233
fev1_fvc,anthropometrics,arm_circ,arm_circ,arm_circ,4.645619275659004,1.1019686560189297,4.21574538466655,2.6137068981678897e-05,2.4843389972004806,6.8068995541175275
fev1_fvc,anthropometrics,arm_len,arm_len,Intercept,865.6793310268017,5.687882225281626,152.1971265823703,0.0,854.5237436037373,876.8349184498661
fev1_fvc,anthropometrics,arm_len,arm_len,sex[T.True],6.230249756695879,2.649754673107147,2.351255314285448,0.018818100871669338,1.0333119976590996,11.427187515732658
fev1_fvc,anthropometrics,arm_len,arm_len,age,-1.3806567396718539,0.0982173622266364,-14.057155561620466,1.1826657195715027e-42,-1.5732894854611315,-1.1880239938825763
fev1_fvc,anthropometrics,arm_len,arm_len,arm_len,-6.818074285252403,1.2905243765671544,-5.283181324624607,1.4247824130232246e-07,-9.34916704248293,-4.286981528021876
fev1_fvc,anthropometrics,leg_len,leg_len,Intercept,877.5279221665663,6.036557144219311,145.3689414680517,0.0,865.6884820569694,889.3673622761632
fev1_fvc,anthropometrics,leg_len,leg_len,sex[T.True],4.686132163796804,2.5297392318188936,1.8524170811184577,0.06413047647041947,-0.27542049154393755,9.647684819137545
fev1_fvc,anthropometrics,leg_len,leg_len,age,-1.578231558183854,0.10161999712670107,-15.530718390161882,3.986115169486593e-51,-1.7775378583107588,-1.378925258056949
fev1_fvc,anthropometrics,leg_len,leg_len,leg_len,-9.368314530894484,1.2804371738518767,-7.316496835773863,3.8238941514022644e-13,-11.879623356727086,-6.857005705061882
fev1_fvc,anthropometrics,waist_circ,waist_circ,Intercept,860.7561716165426,5.6001760981448285,153.7016259009579,0.0,849.7726013573471,871.7397418757381
fev1_fvc,anthropometrics,waist_circ,waist_circ,sex[T.True],16.11295298383556,2.237643528846704,7.200857856094835,8.772092608182052e-13,11.724284755658985,20.501621212012132
fev1_fvc,anthropometrics,waist_circ,waist_circ,age,-1.4009487968578886,0.09849760321052013,-14.223176515916064,1.4165558658314069e-43,-1.5941311765304673,-1.20776641718531
fev1_fvc,anthropometrics,waist_circ,waist_circ,waist_circ,5.393325203005113,1.0894330244781945,4.950579872120503,8.09468693525848e-07,3.256630935300192,7.530019470710034
fev1_fvc,demographics,hh_size,hh_size,Intercept,855.2458150734012,6.026743460020396,141.90844869154375,0.0,843.4256224460283,867.0660077007741
fev1_fvc,demographics,hh_size,hh_size,sex[T.True],14.243610558239185,2.211942287678952,6.4394132873988195,1.5366769553867195e-10,9.905349921389615,18.581871195088755
fev1_fvc,demographics,hh_size,hh_size,age,-1.2803964625253605,0.10590810326107333,-12.089693074467249,2.111070643540803e-32,-1.4881129830061162,-1.072679942044605
fev1_fvc,demographics,hh_size,hh_size,hh_size,2.677215575561873,1.1540332819062382,2.3198772665720995,0.020459502527411737,0.4138214588186173,4.940609692305129
fev1_fvc,NA,born_us,born_us,Intercept,861.9653041835235,5.668889243928285,152.05188655021604,0.0,850.846967507841,873.083640859206
fev1_fvc,NA,born_us,born_us,sex[T.True],14.037504530039152,2.209920651942909,6.352040068813203,2.6877661762850287e-10,9.70320890745988,18.371800152618427
fev1_fvc,NA,born_us,born_us,born_us[T.True],-5.5721373184299825,2.2113825424974394,-2.519752784218443,0.01183013347116257,-9.909300132564582,-1.2349745042953835
fev1_fvc,NA,born_us,born_us,age,-1.3390269929547096,0.09948619530884789,-13.459425087046444,2.087233192479361e-39,-1.5341482885791038,-1.1439056973303154
fev1_fvc,demographics,hs_grad,hs_grad,Intercept,863.3826959186647,6.128530689810288,140.87923184494835,0.0,851.3628689993886,875.4025228379408
fev1_fvc,demographics,hs_grad,hs_grad,sex[T.True],14.026370169620552,2.212907075013773,6.338436135883949,2.9303837317505165e-10,9.686217304867522,18.366523034373582
fev1_fvc,demographics,hs_grad,hs_grad,hs_grad[T.True],-3.121680203310894,2.394830521070428,-1.3035077747028139,0.19256908901932557,-7.818637732156572,1.5752773255347838
fev1_fvc,demographics,hs_grad,hs_grad,age,-1.38515912915018,0.09969557868240003,-13.893887246122299,9.350801996459805e-42,-1.5806910863241777,-1.1896271719761822
fev1_fvc,demographics,poverty_ratio,poverty_ratio,Intercept,860.9154586835072,5.636895858452767,152.72864361908117,0.0,849.8598703198494,871.9710470471649
fev1_fvc,demographics,poverty_ratio,poverty_ratio,sex[T.True],13.744129852910895,2.21485284174352,6.2054370357588144,6.7608245542111e-10,9.400160775022844,18.088098930798946
fev1_fvc,demographics,poverty_ratio,poverty_ratio,age,-1.3775898644300228,0.09888392989779074,-13.931382640778326,5.825835976986113e-42,-1.571529942831762,-1.1836497860282837
fev1_fvc,demographics,poverty_ratio,poverty_ratio,poverty_ratio,-2.466212392644378,1.077882466816184,-2.2880160579371887,0.022252702260830686,-4.580252665298035,-0.35217211999072084
fev1_fvc,demographics,married,,Intercept,860.90277297422,5.930072574720809,145.17575664152,0.0,849.2721800026612,872.5333659457789
fev1_fvc,demographics,married,,sex[T.True],13.951137569627983,2.233742578954359,6.245633539455864,5.260259407943229e-10,9.57012023607852,18.332154903177447
fev1_fvc,demographics,married,,married[T.True],-0.802225029626358,2.231527088883294,-0.35949598533791916,0.7192664848250052,-5.178897144306338,3.574447085053621
fev1_fvc,demographics,married,,age,-1.3707815957724236,0.09909634262091081,-13.832817231371445,2.016484883163524e-41,-1.5651382771572564,-1.176424914387591
fev1_fvc,demographics,health_ins,health_ins,Intercept,859.6352602691313,5.676269536174746,151.44369991430005,0.0,848.5024486989095,870.7680718393532
fev1_fvc,demographics,health_ins,health_ins,sex[T.True],14.020594498379113,2.2137196382773268,6.333500528228437,3.023594959113287e-10,9.678847961295272,18.362341035462954
fev1_fvc,demographics,health_ins,health_ins,health_ins[T.True],2.3115221554899152,2.5707559948332945,0.8991604649121163,0.36868813330518113,-2.730476273426177,7.353520584406008
fev1_fvc,demographics,health_ins,health_ins,age,-1.3891139047432457,0.10146594924897523,-13.690444085184323,1.1970296742392975e-40,-1.5881180722838482,-1.1901097372026432
fev1_fvc,demographics,priv_ins,priv_ins,Intercept,861.245107022313,5.823630158493047,147.88801547884927,0.0,849.8232785139974,872.6669355306287
fev1_fvc,demographics,priv_ins,priv_ins,sex[T.True],14.044477651745582,2.213622611782544,6.344567306545587,2.81849834219886e-10,9.702921411770934,18.38603389172023
fev1_fvc,demographics,priv_ins,priv_ins,priv_ins[T.True],-1.4849563795313137,2.1649569793989345,-0.6859057217587704,0.4928613879803878,-5.731065193724006,2.761152434661379
fev1_fvc,demographics,priv_ins,priv_ins,age,-1.3721627335526394,0.09905916654074044,-13.851951126484643,1.5854575344711615e-41,-1.5664465018573552,-1.1778789652479236
fev1_fvc,demographics,eng_lang,eng_lang,Intercept,862.6970678319085,5.854804894144674,147.34855958986478,0.0,851.2140966214098,874.1800390424072
fev1_fvc,demographics,eng_lang,eng_lang,sex[T.True],13.928147512021585,2.2139675094812135,6.291035190161978,3.954846269039599e-10,9.585914827585338,18.270380196457833
fev1_fvc,demographics,eng_lang,eng_lang,eng_lang[T.True],-3.8563728722024675,2.502710879029952,-1.540878295017918,0.12352316089827915,-8.764915085256224,1.0521693408512882
fev1_fvc,demographics,eng_lang,eng_lang,age,-1.3592514448396082,0.09908510628650818,-13.718019748692436,8.487625134646707e-41,-1.5535860885123753,-1.1649168011668412
fev1_fvc,exposures,home_smoke,home_smoke,Intercept,860.3071262730375,5.6373549828380485,152.60829394141288,0.0,849.250637433242,871.363615112833
fev1_fvc,exposures,home_smoke,home_smoke,sex[T.True],14.060861269632785,2.2135061740303787,6.352302710785125,2.6832808920845915e-10,9.71953339787537,18.4021891413902
fev1_fvc,exposures,home_smoke,home_smoke,home_smoke[T.True],-3.6522756901759355,5.096171442468092,-0.716670491055365,0.4736709322542636,-13.647346579071172,6.342795198719301
fev1_fvc,exposures,home_smoke,home_smoke,age,-1.3669782766767706,0.09897492359283895,-13.811359757146349,2.639863710465838e-41,-1.561096820116964,-1.1728597332365773
fev1_fvc,exposures,work_air,work_air,Intercept,861.8795971190659,5.88379607367358,146.4835943202475,0.0,850.3397657935151,873.4194284446168
fev1_fvc,exposures,work_air,work_air,sex[T.True],13.231604598946264,2.371793781846705,5.5787331513467375,2.7930895971300532e-08,8.57982879999125,17.883380397901277
fev1_fvc,exposures,work_air,work_air,work_air[T.True],-2.261282573918019,2.3320509779344882,-0.9696540064149244,0.33234998280519934,-6.835111202745317,2.3125460549092796
fev1_fvc,exposures,work_air,work_air,age,-1.371726520426409,0.09897295877977118,-13.859609102711524,1.4398662291090552e-41,-1.565841210298072,-1.177611830554746
fev1_fvc,exposures,work_smoke,work_smoke,Intercept,860.9674908219838,5.67096621760814,151.82024681238826,0.0,849.8450805982665,872.0899010457011
fev1_fvc,exposures,work_smoke,work_smoke,sex[T.True],13.84803184348002,2.2206262833236705,6.23609292003574,5.583860259342926e-10,9.492739371448353,18.203324315511686
fev1_fvc,exposures,work_smoke,work_smoke,work_smoke[T.True],-11.264671886007035,9.84103782677096,-1.1446630004168166,0.2525018155878126,-30.565802511086297,8.036458739072229
fev1_fvc,exposures,work_smoke,work_smoke,age,-1.3771808611535805,0.09918556303314767,-13.884892307294043,1.047320102458657e-41,-1.5717125296547438,-1.1826491926524172
fev1_fvc,demographics,veteran,,Intercept,860.2289109628224,5.637653589045763,152.58633709497323,0.0,849.1718364696109,871.2859854560339
fev1_fvc,demographics,veteran,,sex[T.True],14.22050917121118,2.349285094174621,6.053121950363925,1.726531486070575e-09,9.612879439836169,18.82813890258619
fev1_fvc,demographics,veteran,,veteran[T.True],0.8509681683842156,4.126482772715275,0.20622118526966934,0.8366415921443452,-7.242261877094653,8.944198213863084
fev1_fvc,demographics,veteran,,age,-1.371734761189645,0.09993540219426614,-13.7262144452384,7.662432265352872e-41,-1.5677370818569016,-1.1757324405223886
fev1_fvc,demographics,mil_health,mil_health,Intercept,860.2604201316337,5.637206520093196,152.604027733476,0.0,849.2042224703584,871.316617792909
fev1_fvc,demographics,mil_health,mil_health,sex[T.True],14.110674144838399,2.216444384240262,6.366356063418737,2.4536617904200227e-10,9.763583590316914,18.457764699359885
fev1_fvc,demographics,mil_health,mil_health,mil_health[T.True],3.4144342814461535,7.219262006745823,0.47296167922090065,0.6362981843196382,-10.744633233752413,17.57350179664472
fev1_fvc,demographics,mil_health,mil_health,age,-1.3711962770397008,0.09907236067885014,-13.840351311346337,1.8343605860020034e-41,-1.5655059228776222,-1.1768866312017794
fev1_fvc,admin,psu,,Intercept,857.5877741993011,6.504681301947826,131.84162826586086,0.0,844.8302067868608,870.3453416117413
fev1_fvc,admin,psu,,sex[T.True],14.097387594067243,2.2139233216036387,6.367604269083676,2.43422190982718e-10,9.755241574880344,18.43953361325414
fev1_fvc,admin,psu,,age,-1.3650086805300077,0.09904786374941271,-13.781303592608793,3.8477315072122356e-41,-1.5592702807813448,-1.1707470802786706
fev1_fvc,admin,psu,,psu,1.544938176387925,1.890553261485983,0.8171883902247732,0.41392952640127756,-2.1629853267964565,5.252861679572307
fev1_fvc,admin,strata,,Intercept,850.5014417619153,9.210671990626437,92.33869609377663,0.0,832.4366414466247,868.566242077206
fev1_fvc,admin,strata,,sex[T.True],14.032345030496526,2.2128023963994656,6.341436114372022,2.875106337343931e-10,9.692397470879392,18.37229259011366
fev1_fvc,admin,strata,,age,-1.356981452154392,0.0993031045727313,-13.665045599460745,1.6421839478562911e-40,-1.5517436537201883,-1.1622192505885955
fev1_fvc,admin,strata,,strata,0.11230857948708083,0.08401686728900779,1.3367384801524793,0.18147788556470582,-0.05247287535538821,0.2770900343295499
fev1_fvc,anthropometrics,sit_height,old,Intercept,888.8105532546507,6.317640703094565,140.68710061641926,0.0,876.4198267277153,901.2012797815861
fev1_fvc,anthropometrics,sit_height,old,sex[T.True],-4.562318883998973,2.957434937310335,-1.542660778920876,0.1230898608004051,-10.362706916744658,1.2380691487467121
fev1_fvc,anthropometrics,sit_height,old,age,-1.6801928094598721,0.10239268461080099,-16.409305174938595,1.7643148208296191e-56,-1.8810145739438398,-1.4793710449759045
fev1_fvc,anthropometrics,sit_height,old,sit_height_old,-13.873862291590305,1.5028009414352308,-9.232002661869675,7.267901656156102e-20,-16.821290986074946,-10.926433597105666
fev1_fvc,anthropometrics,sit_height,sit_height,Intercept,860.2494133273005,5.637478498525468,152.59471296472464,0.0,849.192682237403,871.3061444171981
fev1_fvc,anthropometrics,sit_height,sit_height,sex[T.True],14.0475617311528,2.2143853650318146,6.343774644189349,2.8327248335001296e-10,9.70450951073808,18.390613951567524
fev1_fvc,anthropometrics,sit_height,sit_height,age,-1.3688837288861666,0.09895343278914444,-13.833615371414767,1.9963684848620472e-41,-1.5629601226246062,-1.174807335147727
fev1_fvc,anthropometrics,sit_height,sit_height,sit_height,-0.22707400714311554,1.0766638729476343,-0.21090519785106576,0.8329852543236436,-2.3387242636369105,1.8845762493506797
fev1_fvc,demographics,race,adj,Intercept,860.2410995962404,5.635836686427624,152.63769116445414,0.0,849.1875927521623,871.2946064403184
fev1_fvc,demographics,race,adj,sex[T.True],14.05835929813188,2.2132028390526766,6.352042862980114,2.6873708596178175e-10,9.717627994168483,18.399090602095278
fev1_fvc,demographics,race,adj,race_adj[T.True],0.0,0.0,,,0.0,0.0
fev1_fvc,demographics,race,adj,age,-1.3688527238408923,0.09892692370046166,-13.837008901495885,1.9082256877868222e-41,-1.5628770522640367,-1.1748283954177479
fev1_fvc,demographics,immigrant,,Intercept,856.393166865092,5.830962966158627,146.8699375789852,0.0,844.956956593278,867.8293771369059
fev1_fvc,demographics,immigrant,,sex[T.True],14.03750453003921,2.2099206519429115,6.352040068813221,2.6877661762847444e-10,9.703208907459931,18.371800152618487
fev1_fvc,demographics,immigrant,,immigrant[T.True],5.572137318430265,2.2113825424974367,2.519752784218574,0.011830133471158185,1.2349745042956712,9.909300132564859
fev1_fvc,demographics,immigrant,,age,-1.3390269929546994,0.09948619530884782,-13.459425087046352,2.087233192481777e-39,-1.5341482885790934,-1.1439056973303054
fev1_fvc,demographics,race,0,Intercept,861.0912308191716,5.566809895543823,154.68306749768243,0.0,850.1731013647166,872.0093602736267
fev1_fvc,demographics,race,0,sex[T.True],13.262502269082361,2.1886555593073544,6.059657131832821,1.659181335036011e-09,8.969913663378556,17.555090874786167
fev1_fvc,demographics,race,0,race_0[T.True],-15.313223019312082,2.242986920273785,-6.827156628021223,1.1820870444563547e-11,-19.712371188500004,-10.914074850124159
fev1_fvc,demographics,race,0,age,-1.2767662702110887,0.09861760565444605,-12.946636269844657,1.0329393412168585e-36,-1.4701840094957646,-1.0833485309264128
fev1_fvc,demographics,race,1,Intercept,858.4848804106182,5.662311754743969,151.61384918295371,0.0,847.3794440997311,869.5903167215052
fev1_fvc,demographics,race,1,sex[T.True],13.920810929644789,2.2097944543528585,6.299595377399713,3.746982430814657e-10,9.586762817156728,18.25485904213285
fev1_fvc,demographics,race,1,race_1[T.True],7.241254232283992,2.650790969017496,2.7317334021882274,0.006362082413667335,2.0422839962784245,12.440224468289559
fev1_fvc,demographics,race,1,age,-1.3627141238103346,0.09877449379898114,-13.796214704816752,3.1920188155725986e-41,-1.5564395662686494,-1.1689886813520198
fev1_fvc,demographics,race,2,Intercept,859.8776862841888,5.651185905783507,152.1588035892037,0.0,848.7940709913571,870.9613015770205
fev1_fvc,demographics,race,2,sex[T.True],14.037625570042655,2.2134633667073556,6.341928120962928,2.866138467179992e-10,9.696381655866539,18.37886948421877
fev1_fvc,demographics,race,2,race_2[T.True],4.379310048738191,4.95893551836436,0.88311494120469,0.3772927576493802,-5.346601373014877,14.105221470491259
fev1_fvc,demographics,race,2,age,-1.3659748210685805,0.09898666045864157,-13.799584860621797,3.0599683228718925e-41,-1.5601163839081473,-1.1718332582290136
fev1_fvc,demographics,race,3,Intercept,855.5410850432276,5.7429370999487395,148.97274167444112,0.0,844.2775190363793,866.8046510500758
fev1_fvc,demographics,race,3,sex[T.True],13.799267612746382,2.2055728352865533,6.256545869614661,4.912558698226341e-10,9.47349932018,18.125035905312764
fev1_fvc,demographics,race,3,race_3[T.True],8.746610584722399,2.2533856292491348,3.881541832516662,0.00010756094343803822,4.327067529974801,13.166153639469997
fev1_fvc,demographics,race,3,age,-1.3365646565364926,0.09889119113298826,-13.515507713311782,1.0465270865807465e-39,-1.5305189763273528,-1.1426103367456324
fev1_fvc,demographics,race,4,Intercept,860.0920203491597,5.657164126595606,152.03589662631015,0.0,848.9966800306923,871.1873606676271
fev1_fvc,demographics,race,4,sex[T.True],14.060879310308948,2.2137743607201794,6.351541313241472,2.696303885308982e-10,9.719025446636568,18.40273317398133
fev1_fvc,demographics,race,4,race_4[T.True],1.8265635485505394,5.809980337763547,0.31438377453333066,0.7532662154157499,-9.568493700722474,13.221620797823554
fev1_fvc,demographics,race,4,age,-1.3673601557054482,0.09906564803601241,-13.80256610453287,2.9476969740576105e-41,-1.561656636103044,-1.1730636753078525
