group,n,mae,mae_ci_lower,mae_ci_upper,mse,mse_ci_lower,mse_ci_upper,r2,r2_ci_lower,r2_ci_upper,set,target,n_cov,cov,race_adj
All,43260,409.97,407.00,413.28,287923.17,283039.63,293114.48,0.66,0.66,0.67,ukb_val,fvc,4,Height,True
white,40956,409.59,406.36,412.81,287203.07,282116.08,291970.46,0.66,0.65,0.66,ukb_val,fvc,4,Height,True
black,589,423.28,395.40,452.61,317573.24,270355.84,375491.04,0.48,0.39,0.55,ukb_val,fvc,4,Height,True
asian,1017,387.02,366.16,408.60,268228.14,228502.64,323619.43,0.55,0.50,0.60,ukb_val,fvc,4,Height,True
other,698,451.69,426.56,477.63,333438.46,295718.82,375574.48,0.57,0.52,0.63,ukb_val,fvc,4,Height,True
All,3354,465.86,453.83,477.86,353137.15,336082.64,371531.24,0.62,0.60,0.65,nh,fvc,4,Height,True
white,1330,445.26,425.83,463.68,326092.15,297489.63,354161.57,0.69,0.66,0.72,nh,fvc,4,Height,True
black,739,470.39,443.01,496.62,364703.24,321770.86,404832.40,0.51,0.44,0.57,nh,fvc,4,Height,True
asian,88,499.45,421.02,583.92,394150.91,288633.81,511882.79,0.47,0.30,0.60,nh,fvc,4,Height,True
hispanic,1049,487.37,465.51,509.65,380095.55,348845.97,413075.13,0.53,0.48,0.57,nh,fvc,4,Height,True
other,148,462.66,406.58,521.29,333261.83,262610.51,410464.79,0.54,0.41,0.66,nh,fvc,4,Height,True
All,1569,478.28,460.97,496.98,372009.65,346340.31,400717.72,0.60,0.57,0.64,nh3,fvc,4,Height,True
white,697,452.52,425.69,478.31,338758.31,300178.23,377228.77,0.66,0.62,0.70,nh3,fvc,4,Height,True
black,367,485.74,446.18,523.18,385137.48,328530.04,442599.55,0.55,0.46,0.63,nh3,fvc,4,Height,True
hispanic,420,511.45,475.42,548.54,411144.22,358874.58,467703.53,0.47,0.39,0.55,nh3,fvc,4,Height,True
other,85,489.05,407.31,571.00,385725.59,276690.22,491635.17,0.46,0.23,0.64,nh3,fvc,4,Height,True
All,1785,455.40,439.32,472.79,337562.58,314909.43,361520.92,0.64,0.61,0.67,nh4,fvc,4,Height,True
white,633,437.07,411.02,464.47,312230.42,277582.61,357561.26,0.71,0.66,0.75,nh4,fvc,4,Height,True
black,372,454.40,415.92,493.61,343612.40,288607.52,403410.67,0.45,0.36,0.54,nh4,fvc,4,Height,True
asian,88,499.45,421.02,583.92,394150.91,288633.81,511882.79,0.47,0.30,0.60,nh4,fvc,4,Height,True
hispanic,629,470.97,442.55,498.58,358923.94,316691.96,399139.61,0.56,0.51,0.62,nh4,fvc,4,Height,True
other,63,424.92,358.61,494.34,260574.51,188765.45,339977.50,0.63,0.46,0.75,nh4,fvc,4,Height,True
All,43260,423.21,419.96,426.37,307017.48,301823.73,312270.65,0.64,0.64,0.65,ukb_val,fvc,3,Height,False
white,40956,411.01,407.83,414.24,289238.25,284153.63,294227.70,0.66,0.65,0.66,ukb_val,fvc,3,Height,False
black,589,753.49,712.56,795.97,823456.83,736765.50,917244.72,-0.36,-0.60,-0.15,ukb_val,fvc,3,Height,False
asian,1017,694.59,669.04,722.69,686510.60,634002.70,747144.73,-0.15,-0.31,-0.01,ukb_val,fvc,3,Height,False
other,698,459.40,430.97,487.47,358200.38,313468.46,405827.48,0.54,0.46,0.61,ukb_val,fvc,3,Height,False
All,3354,472.91,461.31,484.89,366119.93,347480.16,384773.76,0.61,0.59,0.64,nh,fvc,3,Height,False
white,1330,433.12,414.06,451.71,308441.96,283100.95,336116.47,0.70,0.68,0.73,nh,fvc,3,Height,False
black,739,637.53,606.07,669.38,614435.26,556976.06,673698.44,0.17,0.05,0.28,nh,fvc,3,Height,False
asian,88,500.65,420.80,580.47,403939.30,291214.36,527581.25,0.45,0.19,0.63,nh,fvc,3,Height,False
hispanic,1049,403.12,384.14,422.32,262624.27,238711.20,286508.85,0.68,0.64,0.71,nh,fvc,3,Height,False
other,148,499.63,442.46,563.18,374905.95,304853.39,458400.04,0.49,0.33,0.61,nh,fvc,3,Height,False
All,1569,486.55,468.30,504.71,387454.09,357109.41,417740.20,0.59,0.55,0.62,nh3,fvc,3,Height,False
white,697,442.53,415.63,469.11,326633.78,289480.96,364333.44,0.67,0.63,0.71,nh3,fvc,3,Height,False
black,367,639.18,592.24,686.35,622936.70,533311.37,711196.16,0.27,0.11,0.41,nh3,fvc,3,Height,False
hispanic,420,417.12,386.82,447.86,277656.56,241708.04,316570.47,0.65,0.59,0.70,nh3,fvc,3,Height,False
other,85,544.00,469.05,618.22,429212.06,327197.28,540984.11,0.39,0.10,0.61,nh3,fvc,3,Height,False
All,1785,461.10,443.31,478.08,348224.77,321879.29,374224.22,0.63,0.60,0.66,nh4,fvc,3,Height,False
white,633,422.46,397.30,448.46,288413.45,256245.26,326127.56,0.73,0.69,0.76,nh4,fvc,3,Height,False
black,372,635.94,592.94,683.09,606783.69,528746.48,698082.86,0.03,-0.20,0.22,nh4,fvc,3,Height,False
asian,88,500.65,420.80,580.47,403939.30,291214.36,527581.25,0.45,0.19,0.63,nh4,fvc,3,Height,False
hispanic,629,394.14,370.71,418.38,253056.44,224591.74,283742.85,0.69,0.65,0.73,nh4,fvc,3,Height,False
other,63,441.23,364.83,522.93,302150.46,214798.72,398942.62,0.58,0.38,0.72,nh4,fvc,3,Height,False
All,43260,410.08,407.05,413.27,288253.31,283566.58,293393.22,0.66,0.66,0.67,ukb_val,fvc,5,Sit Height,True
white,40956,410.26,407.00,413.50,288270.27,283216.48,293231.78,0.66,0.65,0.66,ukb_val,fvc,5,Sit Height,True
black,589,424.34,397.77,454.39,312669.30,265941.70,368136.11,0.48,0.40,0.56,ukb_val,fvc,5,Sit Height,True
asian,1017,376.72,356.04,396.94,254171.00,213589.16,312271.14,0.58,0.52,0.62,ukb_val,fvc,5,Sit Height,True
other,698,432.51,407.32,459.15,314924.14,279016.44,356932.46,0.60,0.54,0.65,ukb_val,fvc,5,Sit Height,True
All,3354,450.37,438.98,461.98,330250.99,313836.47,348168.75,0.65,0.63,0.67,nh,fvc,5,Sit Height,True
white,1330,423.58,405.70,441.20,298391.76,272281.87,325127.17,0.71,0.69,0.74,nh,fvc,5,Sit Height,True
black,739,442.98,415.79,468.48,324413.04,287073.63,360161.82,0.56,0.51,0.61,nh,fvc,5,Sit Height,True
asian,88,453.67,374.81,539.17,341757.48,244324.76,450577.84,0.54,0.39,0.65,nh,fvc,5,Sit Height,True
hispanic,1049,490.34,469.12,512.20,376753.55,345526.11,409522.73,0.53,0.49,0.58,nh,fvc,5,Sit Height,True
other,148,451.35,395.58,507.98,320941.89,247287.18,402657.25,0.56,0.42,0.68,nh,fvc,5,Sit Height,True
All,1569,454.88,437.39,472.42,337755.22,311370.72,363428.53,0.64,0.61,0.67,nh3,fvc,5,Sit Height,True
white,697,420.59,396.07,444.76,298538.07,260778.32,341421.71,0.70,0.66,0.74,nh3,fvc,5,Sit Height,True
black,367,457.18,420.98,492.80,345063.51,294041.01,400280.80,0.59,0.52,0.66,nh3,fvc,5,Sit Height,True
hispanic,420,506.37,473.44,541.30,393175.99,345881.69,442437.06,0.50,0.42,0.57,nh3,fvc,5,Sit Height,True
other,85,478.95,407.38,558.23,359641.25,253490.34,485255.00,0.49,0.25,0.68,nh3,fvc,5,Sit Height,True
All,1785,446.53,430.20,463.04,324164.05,300603.46,347302.76,0.65,0.63,0.68,nh4,fvc,5,Sit Height,True
white,633,425.99,400.48,454.05,297545.97,262834.51,337413.61,0.72,0.68,0.76,nh4,fvc,5,Sit Height,True
black,372,427.96,392.76,463.83,302936.56,256735.67,352287.71,0.52,0.43,0.59,nh4,fvc,5,Sit Height,True
asian,88,453.67,374.81,539.17,341757.48,244324.76,450577.84,0.54,0.39,0.65,nh4,fvc,5,Sit Height,True
hispanic,629,478.91,451.90,506.85,365248.97,325993.27,405671.17,0.56,0.50,0.61,nh4,fvc,5,Sit Height,True
other,63,413.34,339.75,495.81,270173.47,185566.89,371432.01,0.62,0.46,0.74,nh4,fvc,5,Sit Height,True
All,43260,421.33,418.21,424.63,303675.25,298527.44,309014.59,0.65,0.64,0.65,ukb_val,fvc,4,Sit Height,False
white,40956,411.92,408.67,415.20,290465.17,285426.59,295746.90,0.66,0.65,0.66,ukb_val,fvc,4,Sit Height,False
black,589,663.91,627.14,705.10,675389.02,601118.06,762074.45,-0.12,-0.31,0.06,ukb_val,fvc,4,Sit Height,False
asian,1017,643.36,618.23,670.85,601924.38,553137.90,662235.51,-0.01,-0.14,0.10,ukb_val,fvc,4,Sit Height,False
other,698,440.46,412.71,469.68,327664.73,286199.50,373448.92,0.58,0.51,0.64,ukb_val,fvc,4,Sit Height,False
All,3354,458.55,446.64,470.16,343150.46,325311.18,362015.46,0.64,0.61,0.66,nh,fvc,4,Sit Height,False
white,1330,437.18,419.16,455.23,312779.64,286049.71,339834.28,0.70,0.67,0.72,nh,fvc,4,Sit Height,False
black,739,575.05,545.21,604.97,516405.03,465927.66,568879.87,0.30,0.20,0.40,nh,fvc,4,Sit Height,False
asian,88,492.14,416.10,571.10,394153.69,272222.17,541315.69,0.46,0.18,0.66,nh,fvc,4,Sit Height,False
hispanic,1049,398.52,380.52,416.20,254398.88,231186.49,276705.55,0.69,0.65,0.72,nh,fvc,4,Sit Height,False
other,148,484.19,428.08,547.46,364666.49,287154.82,451296.31,0.50,0.32,0.64,nh,fvc,4,Sit Height,False
All,1569,464.74,447.27,482.92,353560.16,326404.85,381989.35,0.62,0.59,0.66,nh3,fvc,4,Sit Height,False
white,697,437.81,411.68,463.50,323124.29,286678.15,362943.58,0.68,0.64,0.71,nh3,fvc,4,Sit Height,False
black,367,558.14,516.36,602.92,491588.29,417241.87,569447.05,0.42,0.30,0.53,nh3,fvc,4,Sit Height,False
hispanic,420,416.98,387.32,446.62,271371.42,234953.29,308065.08,0.65,0.60,0.70,nh3,fvc,4,Sit Height,False
other,85,525.60,452.84,606.92,422265.02,307413.04,546291.61,0.40,0.11,0.63,nh3,fvc,4,Sit Height,False
All,1785,452.94,436.07,469.84,334455.90,309028.15,359990.49,0.64,0.61,0.67,nh4,fvc,4,Sit Height,False
white,633,435.94,411.16,462.46,301198.15,268265.95,339370.71,0.72,0.68,0.75,nh4,fvc,4,Sit Height,False
black,372,591.16,550.80,640.02,540806.94,470601.88,622348.53,0.13,-0.08,0.30,nh4,fvc,4,Sit Height,False
asian,88,492.14,416.10,571.10,394153.69,272222.17,541315.69,0.46,0.18,0.66,nh4,fvc,4,Sit Height,False
hispanic,629,385.85,363.21,409.12,242693.27,216342.90,271948.96,0.71,0.66,0.74,nh4,fvc,4,Sit Height,False
other,63,429.31,355.61,505.74,288592.88,202056.21,394722.44,0.59,0.37,0.74,nh4,fvc,4,Sit Height,False
All,43260,399.14,396.12,402.17,273099.69,268443.24,277947.05,0.68,0.68,0.69,ukb_val,fvc,6,Waist Circumference,True
white,40956,399.25,396.22,402.48,272709.98,267615.98,277626.66,0.68,0.67,0.68,ukb_val,fvc,6,Waist Circumference,True
black,589,401.26,373.16,431.30,291182.41,249060.73,343643.42,0.52,0.44,0.59,ukb_val,fvc,6,Waist Circumference,True
asian,1017,369.59,349.11,390.58,247416.29,208117.77,304082.82,0.59,0.54,0.63,ukb_val,fvc,6,Waist Circumference,True
other,698,430.16,403.85,459.15,317629.20,279393.09,359562.84,0.59,0.54,0.64,ukb_val,fvc,6,Waist Circumference,True
All,3354,466.94,455.28,478.55,350461.93,332613.83,368310.26,0.63,0.61,0.65,nh,fvc,6,Waist Circumference,True
white,1330,423.16,404.63,440.99,295625.87,268824.65,323654.79,0.72,0.69,0.74,nh,fvc,6,Waist Circumference,True
black,739,449.98,423.34,475.75,328837.93,290894.40,367538.72,0.56,0.50,0.61,nh,fvc,6,Waist Circumference,True
asian,88,428.12,357.38,505.27,303192.17,214853.07,402046.68,0.59,0.46,0.69,nh,fvc,6,Waist Circumference,True
hispanic,1049,535.98,512.07,558.38,437140.46,401391.24,469569.79,0.46,0.41,0.51,nh,fvc,6,Waist Circumference,True
other,148,482.07,424.83,543.62,371293.65,289854.61,461575.73,0.49,0.32,0.63,nh,fvc,6,Waist Circumference,True
All,1569,462.23,443.95,480.84,350745.26,324097.06,378191.00,0.63,0.60,0.66,nh3,fvc,6,Waist Circumference,True
white,697,411.30,387.31,438.22,285362.12,248555.15,328320.44,0.71,0.68,0.75,nh3,fvc,6,Waist Circumference,True
black,367,446.79,409.83,481.61,334285.93,282424.91,385501.23,0.61,0.54,0.67,nh3,fvc,6,Waist Circumference,True
hispanic,420,550.03,511.42,588.40,456884.91,402551.23,517299.23,0.42,0.33,0.50,nh3,fvc,6,Waist Circumference,True
other,85,516.91,436.08,609.33,437215.60,310713.81,581326.19,0.39,0.09,0.61,nh3,fvc,6,Waist Circumference,True
All,1785,471.02,454.41,486.95,350355.47,326279.00,373894.16,0.63,0.60,0.65,nh4,fvc,6,Waist Circumference,True
white,633,436.15,409.91,463.36,307256.44,269497.18,348108.25,0.71,0.67,0.75,nh4,fvc,6,Waist Circumference,True
black,372,452.44,418.77,488.06,322506.63,273162.43,375033.59,0.48,0.39,0.57,nh4,fvc,6,Waist Circumference,True
asian,88,428.12,357.38,505.27,303192.17,214853.07,402046.68,0.59,0.46,0.69,nh4,fvc,6,Waist Circumference,True
hispanic,629,526.47,499.14,556.49,423703.75,381754.79,468365.53,0.49,0.42,0.54,nh4,fvc,6,Waist Circumference,True
other,63,434.76,364.14,512.42,282450.88,196970.56,383513.71,0.61,0.43,0.74,nh4,fvc,6,Waist Circumference,True
All,43260,410.45,407.25,413.61,288019.41,283298.97,292998.09,0.66,0.66,0.67,ukb_val,fvc,5,Waist Circumference,False
white,40956,401.26,398.14,404.40,275580.74,270412.07,280575.10,0.67,0.67,0.68,ukb_val,fvc,5,Waist Circumference,False
black,589,634.40,598.30,671.92,621907.46,550019.37,703294.75,-0.03,-0.21,0.13,ukb_val,fvc,5,Waist Circumference,False
asian,1017,634.47,609.61,661.28,581906.55,534619.78,639052.65,0.02,-0.10,0.14,ukb_val,fvc,5,Waist Circumference,False
other,698,428.63,402.88,454.92,305151.34,268490.00,346603.81,0.61,0.55,0.67,ukb_val,fvc,5,Waist Circumference,False
All,3354,452.93,441.01,464.52,338293.09,320197.06,357758.65,0.64,0.62,0.66,nh,fvc,5,Waist Circumference,False
white,1330,444.99,425.47,462.75,325148.57,297669.39,353788.60,0.69,0.66,0.71,nh,fvc,5,Waist Circumference,False
black,739,502.10,472.56,532.80,419108.58,374123.42,467954.53,0.43,0.35,0.51,nh,fvc,5,Waist Circumference,False
asian,88,476.29,399.18,560.81,375751.35,255640.37,543893.00,0.49,0.20,0.68,nh,fvc,5,Waist Circumference,False
hispanic,1049,420.27,401.94,439.36,289627.62,263885.24,314457.35,0.64,0.60,0.68,nh,fvc,5,Waist Circumference,False
other,148,502.06,441.70,563.82,386088.77,303175.27,478516.02,0.47,0.28,0.62,nh,fvc,5,Waist Circumference,False
All,1569,455.53,436.96,474.80,343660.89,314152.15,373750.94,0.63,0.60,0.67,nh3,fvc,5,Waist Circumference,False
white,697,424.30,398.81,450.46,303844.46,264020.74,345365.29,0.70,0.66,0.73,nh3,fvc,5,Waist Circumference,False
black,367,512.51,468.24,556.39,432697.30,360784.79,515222.35,0.49,0.37,0.59,nh3,fvc,5,Waist Circumference,False
hispanic,420,440.31,410.12,473.35,312582.82,272293.74,360798.40,0.60,0.53,0.66,nh3,fvc,5,Waist Circumference,False
other,85,544.70,467.20,626.32,445940.80,332330.21,582773.06,0.37,0.03,0.62,nh3,fvc,5,Waist Circumference,False
All,1785,450.73,434.02,467.88,334057.16,311461.45,358622.67,0.64,0.61,0.67,nh4,fvc,5,Waist Circumference,False
white,633,467.75,440.66,497.20,349157.18,310631.79,390332.42,0.67,0.63,0.71,nh4,fvc,5,Waist Circumference,False
black,372,491.31,452.15,532.57,405704.09,347369.18,469495.65,0.35,0.20,0.48,nh4,fvc,5,Waist Circumference,False
asian,88,476.29,399.18,560.81,375751.35,255640.37,543893.00,0.49,0.20,0.68,nh4,fvc,5,Waist Circumference,False
hispanic,629,407.10,383.55,432.08,274343.39,242448.58,308363.09,0.67,0.62,0.71,nh4,fvc,5,Waist Circumference,False
other,63,446.20,369.11,530.83,308858.25,206666.28,442513.67,0.57,0.33,0.74,nh4,fvc,5,Waist Circumference,False
All,43260,399.08,396.10,402.12,272498.32,267685.73,277323.38,0.68,0.68,0.69,ukb_val,fvc,7,Immigrant,True
white,40956,399.47,396.36,402.61,272591.26,267611.44,277471.07,0.68,0.67,0.68,ukb_val,fvc,7,Immigrant,True
black,589,397.50,371.93,427.52,283880.23,243516.36,334958.24,0.53,0.46,0.60,ukb_val,fvc,7,Immigrant,True
asian,1017,371.73,351.03,392.45,248277.20,208318.26,303003.02,0.58,0.54,0.63,ukb_val,fvc,7,Immigrant,True
other,698,412.13,386.08,440.01,291204.80,258080.33,330456.87,0.63,0.58,0.67,ukb_val,fvc,7,Immigrant,True
All,3354,462.23,449.71,474.60,352149.05,333342.14,369596.08,0.63,0.60,0.65,nh,fvc,7,Immigrant,True
white,1330,424.19,405.31,442.76,303584.87,275133.90,334089.94,0.71,0.68,0.73,nh,fvc,7,Immigrant,True
black,739,424.06,398.49,448.21,299856.95,265177.84,335942.93,0.60,0.54,0.64,nh,fvc,7,Immigrant,True
asian,88,450.65,374.50,532.51,344750.38,240636.74,458866.95,0.54,0.40,0.64,nh,fvc,7,Immigrant,True
hispanic,1049,535.75,511.81,558.26,448313.50,412226.39,484204.36,0.45,0.39,0.50,nh,fvc,7,Immigrant,True
other,148,487.95,428.67,547.75,381240.78,294115.83,472775.37,0.48,0.33,0.60,nh,fvc,7,Immigrant,True
All,1569,450.37,433.40,468.31,338293.48,312772.73,366116.90,0.64,0.61,0.67,nh3,fvc,7,Immigrant,True
white,697,414.11,388.70,440.38,294826.34,255277.88,338302.94,0.70,0.67,0.74,nh3,fvc,7,Immigrant,True
black,367,419.91,385.92,455.05,300644.28,251613.15,350886.50,0.65,0.59,0.70,nh3,fvc,7,Immigrant,True
hispanic,420,524.70,489.91,564.59,426138.62,376699.32,485478.28,0.46,0.38,0.54,nh3,fvc,7,Immigrant,True
other,85,517.26,435.16,604.55,428271.77,310325.47,564470.04,0.40,0.13,0.59,nh3,fvc,7,Immigrant,True
All,1785,472.64,456.05,489.60,364355.64,338395.59,388451.95,0.61,0.58,0.64,nh4,fvc,7,Immigrant,True
white,633,435.19,408.38,463.96,313604.84,274861.47,356330.93,0.71,0.66,0.74,nh4,fvc,7,Immigrant,True
black,372,427.18,393.12,460.32,298244.29,251287.93,345229.26,0.52,0.44,0.60,nh4,fvc,7,Immigrant,True
asian,88,450.65,374.50,532.51,344750.38,240636.74,458866.95,0.54,0.40,0.64,nh4,fvc,7,Immigrant,True
hispanic,629,541.90,511.89,574.53,461919.10,418253.82,511004.97,0.44,0.37,0.50,nh4,fvc,7,Immigrant,True
other,63,446.65,369.53,531.24,317199.30,214734.86,436056.07,0.56,0.38,0.70,nh4,fvc,7,Immigrant,True
All,43260,404.35,401.30,407.40,279883.73,275082.30,284779.21,0.67,0.67,0.68,ukb_val,fvc,6,Immigrant,False
white,40956,401.63,398.62,404.73,276053.55,271130.38,281302.99,0.67,0.67,0.68,ukb_val,fvc,6,Immigrant,False
black,589,500.56,468.42,535.95,436165.72,373882.36,511125.35,0.28,0.15,0.40,ukb_val,fvc,6,Immigrant,False
asian,1017,455.50,434.29,478.92,346031.44,304158.21,399840.60,0.42,0.35,0.48,ukb_val,fvc,6,Immigrant,False
other,698,404.65,380.38,431.31,274854.73,240956.73,311796.07,0.65,0.59,0.70,ukb_val,fvc,6,Immigrant,False
All,3354,485.43,472.57,497.85,386209.65,365699.94,407120.71,0.59,0.56,0.61,nh,fvc,6,Immigrant,False
white,1330,440.61,421.24,458.90,322698.82,293828.93,351948.41,0.69,0.66,0.72,nh,fvc,6,Immigrant,False
black,739,510.00,480.46,540.40,429722.05,383597.67,479275.77,0.42,0.33,0.50,nh,fvc,6,Immigrant,False
asian,88,400.50,335.05,471.94,268723.92,186825.70,362155.39,0.64,0.48,0.75,nh,fvc,6,Immigrant,False
hispanic,1049,534.27,509.37,557.18,449312.00,410810.71,489360.34,0.44,0.39,0.49,nh,fvc,6,Immigrant,False
other,148,474.93,414.39,536.21,371952.02,283751.09,467347.89,0.49,0.33,0.63,nh,fvc,6,Immigrant,False
All,1569,476.56,458.65,494.56,375780.71,345834.45,406545.16,0.60,0.56,0.64,nh3,fvc,6,Immigrant,False
white,697,421.29,396.44,447.43,299264.51,259314.18,342237.30,0.70,0.66,0.74,nh3,fvc,6,Immigrant,False
black,367,534.82,491.69,577.21,463181.95,389634.65,548061.99,0.45,0.33,0.56,nh3,fvc,6,Immigrant,False
hispanic,420,508.59,471.11,545.34,416130.61,359765.80,474364.02,0.47,0.38,0.55,nh3,fvc,6,Immigrant,False
other,85,523.78,444.39,610.12,432072.75,313793.47,580790.68,0.39,0.06,0.61,nh3,fvc,6,Immigrant,False
All,1785,493.09,475.03,510.56,395881.82,368264.36,424435.82,0.58,0.54,0.61,nh4,fvc,6,Immigrant,False
white,633,462.15,433.31,492.09,349228.62,304864.59,395116.54,0.67,0.63,0.71,nh4,fvc,6,Immigrant,False
black,372,484.93,447.87,528.95,396707.06,337246.01,463640.91,0.36,0.20,0.50,nh4,fvc,6,Immigrant,False
asian,88,400.50,335.05,471.94,268723.92,186825.70,362155.39,0.64,0.48,0.75,nh4,fvc,6,Immigrant,False
hispanic,629,550.75,521.21,582.29,470789.13,422933.23,521719.45,0.43,0.35,0.49,nh4,fvc,6,Immigrant,False
other,63,407.76,327.26,501.86,290716.94,186724.05,426856.43,0.60,0.40,0.75,nh4,fvc,6,Immigrant,False
All,43260,398.92,395.86,401.98,272371.16,267550.12,277288.30,0.68,0.68,0.69,ukb_val,fvc,8,Income:Poverty,True
white,40956,399.40,396.35,402.58,272649.58,267607.42,277711.98,0.68,0.67,0.68,ukb_val,fvc,8,Income:Poverty,True
black,589,395.58,370.00,423.98,281211.25,239413.86,332351.26,0.54,0.46,0.60,ukb_val,fvc,8,Income:Poverty,True
asian,1017,372.40,351.94,393.42,250779.10,208342.77,309846.24,0.58,0.53,0.63,ukb_val,fvc,8,Income:Poverty,True
other,698,407.70,383.13,434.86,279529.16,247838.49,315678.52,0.64,0.59,0.69,ukb_val,fvc,8,Income:Poverty,True
All,3354,465.37,453.38,477.26,352946.23,335025.36,370502.94,0.62,0.60,0.65,nh,fvc,8,Income:Poverty,True
white,1330,426.82,408.73,445.18,302032.34,275436.07,330527.55,0.71,0.68,0.74,nh,fvc,8,Income:Poverty,True
black,739,429.56,404.53,455.37,301841.51,268057.11,336624.27,0.59,0.54,0.64,nh,fvc,8,Income:Poverty,True
asian,88,451.40,375.27,537.01,343023.46,245513.79,452180.42,0.54,0.38,0.65,nh,fvc,8,Income:Poverty,True
hispanic,1049,538.14,514.26,561.46,449307.12,413274.96,486509.28,0.44,0.39,0.49,nh,fvc,8,Income:Poverty,True
other,148,488.65,426.75,549.69,396015.43,302056.89,491206.77,0.46,0.29,0.59,nh,fvc,8,Income:Poverty,True
All,1569,452.21,433.82,470.61,341191.27,314795.70,368097.68,0.64,0.61,0.67,nh3,fvc,8,Income:Poverty,True
white,697,414.15,388.16,440.23,293731.24,251131.99,339219.80,0.71,0.67,0.74,nh3,fvc,8,Income:Poverty,True
black,367,421.12,387.83,454.99,300977.85,253439.47,348742.42,0.65,0.59,0.70,nh3,fvc,8,Income:Poverty,True
hispanic,420,527.96,491.59,569.70,431772.64,379337.54,490373.36,0.45,0.36,0.53,nh3,fvc,8,Income:Poverty,True
other,85,527.18,447.01,614.16,457480.35,333003.23,592391.24,0.36,0.06,0.57,nh3,fvc,8,Income:Poverty,True
All,1785,477.06,460.53,493.86,363681.09,339528.39,388951.43,0.61,0.58,0.64,nh4,fvc,8,Income:Poverty,True
white,633,440.45,415.34,467.94,311396.20,275430.83,351503.54,0.71,0.67,0.74,nh4,fvc,8,Income:Poverty,True
black,372,437.73,403.47,470.72,302468.92,259897.63,348914.15,0.52,0.43,0.59,nh4,fvc,8,Income:Poverty,True
asian,88,451.40,375.27,537.01,343023.46,245513.79,452180.42,0.54,0.38,0.65,nh4,fvc,8,Income:Poverty,True
hispanic,629,543.63,512.74,577.15,459635.60,412076.65,508562.23,0.44,0.37,0.50,nh4,fvc,8,Income:Poverty,True
other,63,434.90,356.15,524.01,311727.08,201528.46,449770.83,0.57,0.37,0.72,nh4,fvc,8,Income:Poverty,True
All,43260,403.92,400.80,407.09,279192.81,274292.79,284047.47,0.67,0.67,0.68,ukb_val,fvc,7,Income:Poverty,False
white,40956,401.12,398.02,404.17,275345.07,270342.02,280381.65,0.67,0.67,0.68,ukb_val,fvc,7,Income:Poverty,False
black,589,502.32,470.47,538.15,437263.94,374884.99,510297.37,0.28,0.14,0.40,ukb_val,fvc,7,Income:Poverty,False
asian,1017,456.21,434.44,480.03,346262.41,304891.47,403549.81,0.42,0.35,0.48,ukb_val,fvc,7,Income:Poverty,False
other,698,405.97,381.75,431.97,273725.72,239527.05,311013.55,0.65,0.59,0.70,ukb_val,fvc,7,Income:Poverty,False
All,3354,482.49,469.30,495.28,383233.34,363255.54,403856.41,0.59,0.57,0.62,nh,fvc,7,Income:Poverty,False
white,1330,435.94,417.63,454.11,315348.04,286771.89,343817.55,0.70,0.67,0.72,nh,fvc,7,Income:Poverty,False
black,739,516.85,487.36,546.19,439152.41,392503.89,488558.84,0.41,0.32,0.49,nh,fvc,7,Income:Poverty,False
asian,88,406.20,337.72,480.64,280981.15,189305.36,386158.54,0.62,0.45,0.75,nh,fvc,7,Income:Poverty,False
hispanic,1049,528.19,503.65,552.06,444561.48,407691.50,483385.44,0.45,0.40,0.50,nh,fvc,7,Income:Poverty,False
other,148,458.92,398.28,521.05,354468.48,268013.32,449953.19,0.51,0.35,0.65,nh,fvc,7,Income:Poverty,False
All,1569,473.03,455.19,491.94,372559.70,344094.06,402017.79,0.60,0.57,0.64,nh3,fvc,7,Income:Poverty,False
white,697,420.58,395.91,446.27,296545.35,259384.00,334495.30,0.70,0.66,0.74,nh3,fvc,7,Income:Poverty,False
black,367,537.33,494.77,580.53,470548.39,394682.15,553251.07,0.45,0.32,0.55,nh3,fvc,7,Income:Poverty,False
hispanic,420,500.66,461.43,540.56,409225.65,351637.27,471245.83,0.48,0.39,0.56,nh3,fvc,7,Income:Poverty,False
other,85,494.77,416.02,585.23,402372.59,284751.44,544191.02,0.43,0.14,0.65,nh3,fvc,7,Income:Poverty,False
All,1785,490.85,472.77,509.11,393225.11,366452.88,421205.88,0.58,0.54,0.61,nh4,fvc,7,Income:Poverty,False
white,633,452.86,426.22,482.21,336471.92,294814.59,382905.35,0.69,0.64,0.73,nh4,fvc,7,Income:Poverty,False
black,372,496.29,457.06,539.36,408296.11,348898.38,473411.85,0.35,0.19,0.48,nh4,fvc,7,Income:Poverty,False
asian,88,406.20,337.72,480.64,280981.15,189305.36,386158.54,0.62,0.45,0.75,nh4,fvc,7,Income:Poverty,False
hispanic,629,545.45,515.67,576.77,466888.40,419803.77,517876.59,0.43,0.36,0.50,nh4,fvc,7,Income:Poverty,False
other,63,409.82,325.30,501.83,289426.46,177089.35,426959.32,0.60,0.39,0.76,nh4,fvc,7,Income:Poverty,False
All,43260,399.20,396.22,402.33,272465.67,267595.21,277359.53,0.68,0.68,0.69,ukb_val,fvc,9,High School Graduate,True
white,40956,399.63,396.45,402.81,272694.78,267541.62,277502.91,0.68,0.67,0.68,ukb_val,fvc,9,High School Graduate,True
black,589,393.59,367.60,423.30,280556.74,238324.31,331555.72,0.54,0.46,0.60,ukb_val,fvc,9,High School Graduate,True
asian,1017,372.26,351.98,393.43,248378.82,207122.35,305332.32,0.58,0.53,0.63,ukb_val,fvc,9,High School Graduate,True
other,698,414.26,389.57,443.32,286830.55,255237.45,324932.48,0.63,0.58,0.68,ukb_val,fvc,9,High School Graduate,True
All,3354,464.56,452.43,476.95,353516.40,334971.66,372139.78,0.62,0.60,0.64,nh,fvc,9,High School Graduate,True
white,1330,424.37,406.40,442.70,300669.91,271615.48,329863.74,0.71,0.68,0.74,nh,fvc,9,High School Graduate,True
black,739,428.53,402.27,453.18,304467.22,269101.65,339565.17,0.59,0.54,0.64,nh,fvc,9,High School Graduate,True
asian,88,443.85,365.83,529.23,344001.38,240324.92,452337.29,0.54,0.39,0.64,nh,fvc,9,High School Graduate,True
hispanic,1049,544.92,521.21,568.35,456199.22,419294.58,492961.59,0.44,0.38,0.49,nh,fvc,9,High School Graduate,True
other,148,452.98,393.01,515.37,358101.49,269395.89,460786.18,0.51,0.37,0.63,nh,fvc,9,High School Graduate,True
All,1569,452.01,433.49,470.16,339890.01,314242.81,366576.54,0.64,0.61,0.67,nh3,fvc,9,High School Graduate,True
white,697,412.65,386.92,438.27,291296.48,252781.10,332765.04,0.71,0.67,0.74,nh3,fvc,9,High School Graduate,True
black,367,428.76,394.84,461.55,306840.59,258264.26,353802.73,0.64,0.58,0.70,nh3,fvc,9,High School Graduate,True
hispanic,420,528.93,493.49,567.27,432600.88,379420.19,491189.01,0.45,0.36,0.53,nh3,fvc,9,High School Graduate,True
other,85,497.18,413.92,586.08,423975.83,300051.80,568436.26,0.41,0.14,0.59,nh3,fvc,9,High School Graduate,True
All,1785,475.74,457.79,491.91,365887.54,339154.60,390789.35,0.61,0.58,0.64,nh4,fvc,9,High School Graduate,True
white,633,437.33,411.95,465.36,311670.93,272766.17,355828.64,0.71,0.67,0.75,nh4,fvc,9,High School Graduate,True
black,372,427.41,394.18,461.11,301149.56,255668.22,347964.80,0.52,0.42,0.60,nh4,fvc,9,High School Graduate,True
asian,88,443.85,365.83,529.23,344001.38,240324.92,452337.29,0.54,0.39,0.64,nh4,fvc,9,High School Graduate,True
hispanic,629,554.85,525.55,588.42,471510.15,426721.31,525882.08,0.43,0.37,0.49,nh4,fvc,9,High School Graduate,True
other,63,392.04,314.49,478.72,268563.49,168547.83,397129.75,0.63,0.44,0.77,nh4,fvc,9,High School Graduate,True
All,43260,403.84,400.74,406.83,279013.40,274300.93,283717.26,0.67,0.67,0.68,ukb_val,fvc,8,High School Graduate,False
white,40956,401.06,397.95,404.21,275050.60,269984.33,280046.23,0.67,0.67,0.68,ukb_val,fvc,8,High School Graduate,False
black,589,502.84,469.50,539.90,442413.69,379218.71,515003.55,0.27,0.13,0.40,ukb_val,fvc,8,High School Graduate,False
asian,1017,456.92,434.99,480.59,347233.04,306854.32,400656.12,0.42,0.35,0.48,ukb_val,fvc,8,High School Graduate,False
other,698,403.86,379.73,430.18,273982.48,240450.29,311454.38,0.65,0.59,0.70,ukb_val,fvc,8,High School Graduate,False
All,3354,482.19,469.45,495.30,381545.59,362028.86,402336.59,0.59,0.57,0.62,nh,fvc,8,High School Graduate,False
white,1330,432.54,414.39,450.63,312634.06,285788.46,341147.47,0.70,0.67,0.72,nh,fvc,8,High School Graduate,False
black,739,514.73,485.20,545.39,433645.24,387848.08,481202.64,0.41,0.32,0.49,nh,fvc,8,High School Graduate,False
asian,88,404.15,333.87,481.71,285580.78,196933.06,384350.95,0.62,0.44,0.74,nh,fvc,8,High School Graduate,False
hispanic,1049,530.81,505.43,554.90,443816.89,404304.72,481099.04,0.45,0.40,0.50,nh,fvc,8,High School Graduate,False
other,148,473.97,413.74,536.94,368520.93,278527.93,466611.82,0.50,0.32,0.63,nh,fvc,8,High School Graduate,False
All,1569,473.06,455.13,491.14,370661.78,341443.14,399428.73,0.61,0.57,0.64,nh3,fvc,8,High School Graduate,False
white,697,412.62,387.84,437.60,288614.13,251220.94,325372.90,0.71,0.68,0.74,nh3,fvc,8,High School Graduate,False
black,367,538.63,496.83,580.18,467790.44,395727.12,548250.23,0.45,0.33,0.55,nh3,fvc,8,High School Graduate,False
hispanic,420,507.57,469.80,546.59,411541.31,355558.43,471958.51,0.47,0.39,0.55,nh3,fvc,8,High School Graduate,False
other,85,521.43,440.62,608.02,431377.26,304946.85,583104.73,0.39,0.09,0.62,nh3,fvc,8,High School Graduate,False
All,1785,490.18,472.13,507.83,391595.56,363992.96,418155.38,0.58,0.55,0.62,nh4,fvc,8,High School Graduate,False
white,633,454.77,427.64,483.20,339878.53,297982.90,383747.37,0.68,0.63,0.72,nh4,fvc,8,High School Graduate,False
black,372,491.01,454.07,533.46,400257.78,343393.38,463835.30,0.36,0.21,0.49,nh4,fvc,8,High School Graduate,False
asian,88,404.15,333.87,481.71,285580.78,196933.06,384350.95,0.62,0.44,0.74,nh4,fvc,8,High School Graduate,False
hispanic,629,545.01,514.51,576.98,463863.66,416439.25,513204.79,0.44,0.36,0.50,nh4,fvc,8,High School Graduate,False
other,63,409.16,328.41,497.97,283512.13,184754.28,403482.03,0.60,0.41,0.75,nh4,fvc,8,High School Graduate,False
All,43260,399.11,396.06,402.18,272464.81,267722.26,277386.78,0.68,0.68,0.69,ukb_val,fvc,10,Smoke Exposure,True
white,40956,399.47,396.37,402.69,272597.27,267417.15,277440.05,0.68,0.67,0.68,ukb_val,fvc,10,Smoke Exposure,True
black,589,393.10,367.61,423.51,279990.71,237277.49,331603.97,0.54,0.46,0.60,ukb_val,fvc,10,Smoke Exposure,True
asian,1017,376.78,356.93,398.57,251830.52,212065.56,309810.42,0.58,0.53,0.62,ukb_val,fvc,10,Smoke Exposure,True
other,698,411.71,386.89,439.74,286716.95,253875.23,324572.63,0.63,0.58,0.68,ukb_val,fvc,10,Smoke Exposure,True
All,3354,466.24,454.30,478.11,352306.29,334073.51,369543.40,0.63,0.60,0.65,nh,fvc,10,Smoke Exposure,True
white,1330,420.59,402.64,439.26,291811.46,266296.59,318823.57,0.72,0.69,0.74,nh,fvc,10,Smoke Exposure,True
black,739,440.67,414.42,463.96,311730.12,277369.26,347200.88,0.58,0.52,0.63,nh,fvc,10,Smoke Exposure,True
asian,88,446.33,371.09,526.13,337459.95,244082.70,440465.13,0.55,0.39,0.65,nh,fvc,10,Smoke Exposure,True
hispanic,1049,545.35,521.41,567.52,460241.71,424683.81,497080.69,0.43,0.38,0.48,nh,fvc,10,Smoke Exposure,True
other,148,458.73,398.51,520.19,348801.62,266953.27,440431.99,0.52,0.38,0.65,nh,fvc,10,Smoke Exposure,True
All,1569,454.77,437.35,473.52,339824.46,313441.43,367295.00,0.64,0.61,0.67,nh3,fvc,10,Smoke Exposure,True
white,697,411.42,386.69,438.77,286582.90,248893.47,326277.29,0.71,0.68,0.75,nh3,fvc,10,Smoke Exposure,True
black,367,441.45,405.69,473.89,319504.61,270384.42,369553.32,0.62,0.55,0.69,nh3,fvc,10,Smoke Exposure,True
hispanic,420,532.61,496.03,573.87,437048.87,383127.49,496813.23,0.44,0.36,0.52,nh3,fvc,10,Smoke Exposure,True
other,85,488.36,410.58,569.61,391020.91,278813.92,520673.52,0.45,0.19,0.64,nh3,fvc,10,Smoke Exposure,True
All,1785,476.42,460.07,493.29,363599.71,339248.54,389035.83,0.61,0.58,0.64,nh4,fvc,10,Smoke Exposure,True
white,633,430.77,405.83,457.56,298384.75,262843.16,338020.17,0.72,0.68,0.76,nh4,fvc,10,Smoke Exposure,True
black,372,439.00,404.54,471.88,303199.59,258424.43,348389.85,0.52,0.42,0.60,nh4,fvc,10,Smoke Exposure,True
asian,88,446.33,371.09,526.13,337459.95,244082.70,440465.13,0.55,0.39,0.65,nh4,fvc,10,Smoke Exposure,True
hispanic,629,553.38,524.11,586.25,475730.20,427214.15,528794.44,0.42,0.36,0.48,nh4,fvc,10,Smoke Exposure,True
other,63,418.24,339.84,504.36,291689.79,192438.03,416746.81,0.59,0.39,0.75,nh4,fvc,10,Smoke Exposure,True
All,43260,404.45,401.44,407.51,279664.03,274885.07,284508.42,0.67,0.67,0.68,ukb_val,fvc,9,Smoke Exposure,False
white,40956,401.68,398.58,404.88,275775.98,270904.94,280833.64,0.67,0.67,0.68,ukb_val,fvc,9,Smoke Exposure,False
black,589,499.84,467.77,537.28,437043.45,374119.72,511921.71,0.28,0.15,0.40,ukb_val,fvc,9,Smoke Exposure,False
asian,1017,458.59,436.49,481.63,347788.52,306278.84,403487.19,0.42,0.35,0.48,ukb_val,fvc,9,Smoke Exposure,False
other,698,404.71,380.56,431.18,275260.83,240768.26,312866.23,0.65,0.59,0.70,ukb_val,fvc,9,Smoke Exposure,False
All,3354,484.53,471.69,497.02,385398.37,365239.90,405945.84,0.59,0.56,0.61,nh,fvc,9,Smoke Exposure,False
white,1330,436.44,417.19,454.56,316011.47,287435.89,343631.60,0.70,0.67,0.72,nh,fvc,9,Smoke Exposure,False
black,739,503.50,473.78,533.69,415642.24,370509.60,463183.80,0.44,0.35,0.51,nh,fvc,9,Smoke Exposure,False
asian,88,420.68,352.32,499.13,303674.82,210814.34,404175.72,0.59,0.42,0.71,nh,fvc,9,Smoke Exposure,False
hispanic,1049,540.37,514.76,563.80,462213.68,420175.97,501584.98,0.43,0.37,0.48,nh,fvc,9,Smoke Exposure,False
other,148,466.21,404.89,527.81,368361.06,276260.95,467637.45,0.50,0.33,0.63,nh,fvc,9,Smoke Exposure,False
All,1569,473.19,456.14,491.81,372443.44,344138.45,402923.34,0.60,0.57,0.64,nh3,fvc,9,Smoke Exposure,False
white,697,417.97,393.72,443.64,294428.33,254652.29,336209.90,0.70,0.67,0.74,nh3,fvc,9,Smoke Exposure,False
black,367,524.44,482.33,567.66,451386.10,379261.67,533810.92,0.47,0.35,0.57,nh3,fvc,9,Smoke Exposure,False
hispanic,420,511.11,472.95,550.21,421973.39,363548.45,485100.52,0.46,0.37,0.54,nh3,fvc,9,Smoke Exposure,False
other,85,519.75,436.80,611.03,429444.31,305497.70,575665.50,0.39,0.09,0.63,nh3,fvc,9,Smoke Exposure,False
All,1785,494.33,476.28,511.51,397129.15,368899.10,425251.20,0.58,0.54,0.61,nh4,fvc,9,Smoke Exposure,False
white,633,457.11,430.61,485.22,340714.03,300423.64,382938.32,0.68,0.64,0.72,nh4,fvc,9,Smoke Exposure,False
black,372,482.68,445.18,522.54,380767.57,324452.82,440618.67,0.39,0.24,0.51,nh4,fvc,9,Smoke Exposure,False
asian,88,420.68,352.32,499.13,303674.82,210814.34,404175.72,0.59,0.42,0.71,nh4,fvc,9,Smoke Exposure,False
hispanic,629,558.82,528.11,592.35,487731.67,435746.05,541661.10,0.41,0.33,0.47,nh4,fvc,9,Smoke Exposure,False
other,63,394.02,307.24,493.80,287135.40,172093.23,433497.00,0.60,0.39,0.76,nh4,fvc,9,Smoke Exposure,False
All,43260,325.94,323.40,328.38,181587.51,178535.63,184627.95,0.66,0.65,0.66,ukb_val,fev1,4,Height,True
white,40956,325.25,322.64,327.86,180781.73,177607.70,183859.57,0.65,0.65,0.66,ukb_val,fev1,4,Height,True
black,589,347.80,325.32,371.91,213585.92,182992.52,249644.91,0.45,0.37,0.52,ukb_val,fev1,4,Height,True
asian,1017,316.35,299.69,333.52,177625.37,148975.42,216761.36,0.54,0.49,0.60,ukb_val,fev1,4,Height,True
other,698,361.93,341.55,382.34,208897.82,186304.52,232740.74,0.56,0.50,0.62,ukb_val,fev1,4,Height,True
All,3354,366.22,356.94,375.55,214025.06,203750.70,224823.58,0.63,0.61,0.65,nh,fev1,4,Height,True
white,1330,332.84,319.05,345.88,178559.95,164908.37,192526.38,0.72,0.70,0.74,nh,fev1,4,Height,True
black,739,380.41,358.21,401.62,231654.24,203723.98,258904.45,0.51,0.45,0.56,nh,fev1,4,Height,True
asian,88,397.85,338.02,461.39,239170.11,175909.10,314478.59,0.46,0.26,0.60,nh,fev1,4,Height,True
hispanic,1049,396.87,379.12,414.62,245476.86,224700.58,266252.51,0.52,0.47,0.56,nh,fev1,4,Height,True
other,148,356.69,312.72,405.59,204744.07,161376.35,253592.39,0.57,0.45,0.66,nh,fev1,4,Height,True
All,1569,372.75,359.58,386.61,221631.92,206950.20,237530.26,0.62,0.59,0.65,nh3,fev1,4,Height,True
white,697,335.69,315.53,355.57,183276.53,163043.56,204491.60,0.70,0.67,0.74,nh3,fev1,4,Height,True
black,367,389.35,358.16,417.15,242887.81,206969.83,278233.56,0.54,0.47,0.61,nh3,fev1,4,Height,True
hispanic,420,420.83,390.95,449.84,267669.37,234439.23,302678.67,0.46,0.37,0.53,nh3,fev1,4,Height,True
other,85,367.54,313.00,432.92,216937.31,157828.22,286594.53,0.53,0.35,0.68,nh3,fev1,4,Height,True
All,1785,360.73,348.12,373.92,207751.98,193542.21,222708.59,0.64,0.61,0.66,nh4,fev1,4,Height,True
white,633,330.30,311.61,351.02,174197.32,156345.35,194867.33,0.73,0.70,0.76,nh4,fev1,4,Height,True
black,372,371.38,343.45,401.72,220032.32,183667.64,258697.78,0.47,0.38,0.55,nh4,fev1,4,Height,True
asian,88,397.85,338.02,461.39,239170.11,175909.10,314478.59,0.46,0.26,0.60,nh4,fev1,4,Height,True
hispanic,629,380.16,358.62,402.23,230087.23,205274.33,256319.36,0.56,0.51,0.61,nh4,fev1,4,Height,True
other,63,342.60,277.42,410.05,189100.62,125582.09,258292.84,0.59,0.43,0.72,nh4,fev1,4,Height,True
All,43260,335.38,332.84,337.86,192407.83,189174.54,195540.83,0.63,0.63,0.64,ukb_val,fev1,3,Height,False
white,40956,326.34,323.82,329.00,181901.00,178668.32,184957.27,0.65,0.64,0.66,ukb_val,fev1,3,Height,False
black,589,577.03,545.26,608.96,489357.59,438003.75,547332.60,-0.26,-0.46,-0.08,ukb_val,fev1,3,Height,False
asian,1017,538.81,517.08,561.94,421984.61,386119.60,465512.15,-0.09,-0.23,0.04,ukb_val,fev1,3,Height,False
other,698,363.99,342.59,385.89,224245.18,196715.42,254922.27,0.53,0.45,0.60,ukb_val,fev1,3,Height,False
All,3354,365.00,355.73,373.92,215575.75,205101.73,226575.69,0.63,0.61,0.65,nh,fev1,3,Height,False
white,1330,350.87,336.37,364.43,194437.96,180215.39,208779.11,0.70,0.67,0.72,nh,fev1,3,Height,False
black,739,433.16,408.57,457.75,299269.60,269935.87,330915.08,0.36,0.27,0.45,nh,fev1,3,Height,False
asian,88,381.92,319.56,443.06,237941.70,171438.90,314088.80,0.46,0.18,0.65,nh,fev1,3,Height,False
hispanic,1049,331.21,313.89,347.79,179746.86,163274.91,196272.75,0.65,0.61,0.68,nh,fev1,3,Height,False
other,148,388.55,344.99,439.04,232801.08,182630.50,296462.52,0.51,0.37,0.62,nh,fev1,3,Height,False
All,1569,371.78,357.38,385.45,222168.29,206076.23,239266.67,0.62,0.58,0.65,nh3,fev1,3,Height,False
white,697,354.57,334.21,376.37,202711.02,181063.90,224876.41,0.67,0.63,0.71,nh3,fev1,3,Height,False
black,367,429.20,396.01,462.91,289749.57,247390.72,336877.91,0.45,0.34,0.55,nh3,fev1,3,Height,False
hispanic,420,346.08,320.53,374.59,190983.24,164347.84,221456.28,0.61,0.55,0.67,nh3,fev1,3,Height,False
other,85,393.82,335.91,455.97,243814.86,165367.95,345971.10,0.48,0.24,0.64,nh3,fev1,3,Height,False
All,1785,359.57,346.21,372.59,210463.62,196614.28,224706.08,0.63,0.60,0.66,nh4,fev1,3,Height,False
white,633,346.91,327.70,368.06,185826.40,168425.06,207083.55,0.72,0.68,0.75,nh4,fev1,3,Height,False
black,372,436.80,405.19,473.05,308955.29,267475.30,356442.52,0.25,0.06,0.39,nh4,fev1,3,Height,False
asian,88,381.92,319.56,443.06,237941.70,171438.90,314088.80,0.46,0.18,0.65,nh4,fev1,3,Height,False
hispanic,629,321.07,300.00,339.85,172213.43,152391.70,192725.88,0.67,0.63,0.71,nh4,fev1,3,Height,False
other,63,380.70,318.18,449.26,217492.72,158360.02,279777.23,0.53,0.31,0.69,nh4,fev1,3,Height,False
All,43260,325.85,323.34,328.41,181619.80,178486.97,184713.23,0.66,0.65,0.66,ukb_val,fev1,5,Sit Height,True
white,40956,325.53,323.06,328.23,181226.66,177915.76,184426.69,0.65,0.65,0.66,ukb_val,fev1,5,Sit Height,True
black,589,346.06,322.21,370.69,210845.85,179329.27,247201.80,0.46,0.38,0.53,ukb_val,fev1,5,Sit Height,True
asian,1017,309.38,292.56,325.70,170362.20,141211.86,212968.49,0.56,0.51,0.61,ukb_val,fev1,5,Sit Height,True
other,698,351.40,331.24,371.47,197596.02,176065.22,220841.01,0.58,0.53,0.64,ukb_val,fev1,5,Sit Height,True
All,3354,366.64,357.32,375.96,214879.45,204361.78,225187.68,0.63,0.61,0.65,nh,fev1,5,Sit Height,True
white,1330,331.37,317.36,345.37,177838.59,163767.32,193094.11,0.72,0.70,0.74,nh,fev1,5,Sit Height,True
black,739,361.16,340.45,381.02,210024.73,185744.17,234565.15,0.55,0.51,0.60,nh,fev1,5,Sit Height,True
asian,88,399.15,338.05,460.20,237020.74,176272.36,302746.72,0.46,0.27,0.60,nh,fev1,5,Sit Height,True
hispanic,1049,415.36,395.96,434.53,266603.53,245583.91,288450.17,0.48,0.43,0.53,nh,fev1,5,Sit Height,True
other,148,346.27,302.69,389.64,192851.13,147168.04,242591.28,0.60,0.48,0.68,nh,fev1,5,Sit Height,True
All,1569,367.72,354.07,381.69,219912.56,204371.84,235924.93,0.62,0.59,0.65,nh3,fev1,5,Sit Height,True
white,697,332.08,310.76,352.21,182601.73,160956.68,205540.18,0.71,0.67,0.74,nh3,fev1,5,Sit Height,True
black,367,373.37,343.26,400.37,225900.14,190412.81,258330.25,0.57,0.50,0.64,nh3,fev1,5,Sit Height,True
hispanic,420,425.40,394.54,458.99,280516.22,243199.82,322191.40,0.43,0.34,0.52,nh3,fev1,5,Sit Height,True
other,85,354.79,298.56,412.43,204402.80,143538.93,269772.14,0.56,0.37,0.70,nh3,fev1,5,Sit Height,True
All,1785,365.89,354.05,378.37,210916.06,197723.09,224882.92,0.63,0.61,0.66,nh4,fev1,5,Sit Height,True
white,633,331.05,311.66,351.49,173483.58,156067.15,192787.46,0.73,0.70,0.77,nh4,fev1,5,Sit Height,True
black,372,349.31,321.40,378.53,194384.88,164308.62,227859.09,0.53,0.45,0.60,nh4,fev1,5,Sit Height,True
asian,88,399.15,338.05,460.20,237020.74,176272.36,302746.72,0.46,0.27,0.60,nh4,fev1,5,Sit Height,True
hispanic,629,407.87,385.47,430.08,256639.67,231323.72,282207.57,0.51,0.45,0.56,nh4,fev1,5,Sit Height,True
other,63,333.98,272.82,404.45,177019.27,121028.04,241885.86,0.62,0.46,0.73,nh4,fev1,5,Sit Height,True
All,43260,334.08,331.52,336.45,190817.40,187576.62,193987.72,0.64,0.63,0.64,ukb_val,fev1,4,Sit Height,False
white,40956,327.13,324.55,329.88,182965.00,179712.53,186101.10,0.65,0.64,0.65,ukb_val,fev1,4,Sit Height,False
black,589,512.27,482.65,542.18,406320.01,358095.26,459468.85,-0.04,-0.21,0.11,ukb_val,fev1,4,Sit Height,False
asian,1017,498.76,477.98,520.36,372202.80,338658.70,414566.53,0.04,-0.08,0.15,ukb_val,fev1,4,Sit Height,False
other,698,350.81,329.76,372.74,205928.73,179972.88,234973.99,0.57,0.49,0.63,ukb_val,fev1,4,Sit Height,False
All,3354,353.78,344.95,362.78,203536.64,193925.93,213389.98,0.65,0.63,0.67,nh,fev1,4,Sit Height,False
white,1330,342.76,328.25,356.84,188258.16,173844.27,202892.66,0.71,0.68,0.73,nh,fev1,4,Sit Height,False
black,739,400.05,376.57,424.00,263907.38,235302.65,295154.74,0.44,0.36,0.51,nh,fev1,4,Sit Height,False
asian,88,371.71,309.80,439.34,237327.76,165756.81,318598.02,0.46,0.17,0.65,nh,fev1,4,Sit Height,False
hispanic,1049,332.58,317.10,348.17,177221.96,162746.60,192711.07,0.65,0.62,0.69,nh,fev1,4,Sit Height,False
other,148,366.87,325.41,412.93,208446.29,167168.45,257492.92,0.56,0.42,0.67,nh,fev1,4,Sit Height,False
All,1569,355.27,341.99,368.86,204282.94,189777.04,219198.26,0.65,0.62,0.68,nh3,fev1,4,Sit Height,False
white,697,341.01,320.17,361.16,191015.57,168635.71,214900.94,0.69,0.65,0.73,nh3,fev1,4,Sit Height,False
black,367,391.02,358.73,422.41,247340.20,210687.37,287346.86,0.53,0.44,0.61,nh3,fev1,4,Sit Height,False
hispanic,420,345.28,319.93,372.52,187003.79,163271.83,215022.47,0.62,0.56,0.68,nh3,fev1,4,Sit Height,False
other,85,370.24,313.82,427.58,215827.04,155010.04,287595.43,0.53,0.30,0.70,nh3,fev1,4,Sit Height,False
All,1785,352.54,339.92,365.84,203010.71,189367.53,217514.24,0.65,0.62,0.68,nh4,fev1,4,Sit Height,False
white,633,344.67,325.31,365.72,185553.59,166807.31,205615.69,0.72,0.68,0.75,nh4,fev1,4,Sit Height,False
black,372,408.17,376.79,445.21,280204.28,239210.44,327912.22,0.32,0.15,0.45,nh4,fev1,4,Sit Height,False
asian,88,371.71,309.80,439.34,237327.76,165756.81,318598.02,0.46,0.17,0.65,nh4,fev1,4,Sit Height,False
hispanic,629,323.46,302.89,342.77,170351.03,151672.05,189890.22,0.67,0.63,0.71,nh4,fev1,4,Sit Height,False
other,63,361.91,302.39,424.64,198288.29,143790.18,259731.15,0.57,0.36,0.72,nh4,fev1,4,Sit Height,False
All,43260,320.31,317.90,322.67,175494.97,172442.29,178463.28,0.67,0.66,0.67,ukb_val,fev1,6,Waist Circumference,True
white,40956,320.03,317.44,322.63,174952.67,171660.89,178078.48,0.66,0.66,0.67,ukb_val,fev1,6,Waist Circumference,True
black,589,326.87,303.36,350.08,193740.13,164894.33,229507.55,0.50,0.43,0.57,ukb_val,fev1,6,Waist Circumference,True
asian,1017,308.23,290.88,324.99,171774.60,142544.00,213674.08,0.56,0.50,0.61,ukb_val,fev1,6,Waist Circumference,True
other,698,349.49,328.81,369.12,199587.23,177700.44,221988.15,0.58,0.53,0.63,ukb_val,fev1,6,Waist Circumference,True
All,3354,385.93,375.87,395.34,236370.09,225074.27,247402.23,0.59,0.57,0.61,nh,fev1,6,Waist Circumference,True
white,1330,337.41,323.53,351.80,186268.62,172095.29,201825.38,0.71,0.68,0.73,nh,fev1,6,Waist Circumference,True
black,739,381.14,360.18,402.32,230647.89,206883.79,255047.33,0.51,0.45,0.56,nh,fev1,6,Waist Circumference,True
asian,88,384.10,327.35,443.86,222736.52,162987.43,288580.91,0.50,0.31,0.63,nh,fev1,6,Waist Circumference,True
hispanic,1049,453.25,433.97,471.72,306556.93,281692.56,330702.25,0.40,0.35,0.46,nh,fev1,6,Waist Circumference,True
other,148,364.16,318.45,411.54,220414.27,163810.59,286595.52,0.54,0.38,0.66,nh,fev1,6,Waist Circumference,True
All,1569,376.70,362.49,391.30,229065.88,212228.76,246269.34,0.61,0.57,0.63,nh3,fev1,6,Waist Circumference,True
white,697,324.19,303.90,345.27,176774.10,155855.72,200286.63,0.72,0.68,0.75,nh3,fev1,6,Waist Circumference,True
black,367,383.32,354.30,412.01,236277.72,203440.10,270778.89,0.55,0.48,0.62,nh3,fev1,6,Waist Circumference,True
hispanic,420,460.20,429.74,492.21,312660.31,273836.36,354173.17,0.37,0.27,0.46,nh3,fev1,6,Waist Circumference,True
other,85,368.28,310.42,429.93,216368.07,156061.89,285845.59,0.53,0.32,0.69,nh3,fev1,6,Waist Circumference,True
All,1785,394.00,379.99,406.93,242849.40,226233.33,258740.04,0.58,0.55,0.61,nh4,fev1,6,Waist Circumference,True
white,633,352.19,330.52,374.31,197619.53,173905.78,221623.98,0.70,0.66,0.73,nh4,fev1,6,Waist Circumference,True
black,372,378.70,349.32,408.21,224928.30,192745.05,258039.48,0.46,0.36,0.54,nh4,fev1,6,Waist Circumference,True
asian,88,384.10,327.35,443.86,222736.52,162987.43,288580.91,0.50,0.31,0.63,nh4,fev1,6,Waist Circumference,True
hispanic,629,448.19,425.41,472.95,302034.01,275129.29,332017.24,0.42,0.35,0.48,nh4,fev1,6,Waist Circumference,True
other,63,358.65,287.32,438.74,226305.09,134037.01,355514.62,0.52,0.24,0.71,nh4,fev1,6,Waist Circumference,True
All,43260,328.38,325.93,330.94,183983.98,180888.11,187013.82,0.65,0.65,0.66,ukb_val,fev1,5,Waist Circumference,False
white,40956,321.66,319.09,324.32,176558.24,173324.44,179657.04,0.66,0.65,0.67,ukb_val,fev1,5,Waist Circumference,False
black,589,496.35,467.66,526.46,382011.50,336280.29,433262.77,0.02,-0.14,0.17,ukb_val,fev1,5,Waist Circumference,False
asian,1017,492.43,471.76,513.39,361917.87,328929.46,402550.09,0.07,-0.05,0.18,ukb_val,fev1,5,Waist Circumference,False
other,698,341.81,320.92,363.03,194791.07,170936.87,221365.18,0.59,0.52,0.65,ukb_val,fev1,5,Waist Circumference,False
All,3354,359.93,350.67,368.94,209965.30,199682.07,219752.77,0.64,0.62,0.66,nh,fev1,5,Waist Circumference,False
white,1330,353.25,338.14,368.11,201546.14,186133.63,218008.81,0.68,0.66,0.71,nh,fev1,5,Waist Circumference,False
black,739,366.24,344.41,387.30,224412.36,199639.37,250176.14,0.52,0.45,0.59,nh,fev1,5,Waist Circumference,False
asian,88,368.92,312.60,428.54,225017.18,161084.92,304933.85,0.49,0.24,0.66,nh,fev1,5,Waist Circumference,False
hispanic,1049,359.70,343.77,376.97,206296.82,189129.86,224785.05,0.60,0.56,0.64,nh,fev1,5,Waist Circumference,False
other,148,384.18,339.82,430.66,230445.83,182037.40,285126.94,0.51,0.33,0.65,nh,fev1,5,Waist Circumference,False
All,1569,354.84,342.20,368.80,204249.28,189681.28,219979.94,0.65,0.62,0.68,nh3,fev1,5,Waist Circumference,False
white,697,331.43,310.69,351.65,182727.15,161634.84,204949.63,0.71,0.67,0.74,nh3,fev1,5,Waist Circumference,False
black,367,365.98,336.02,397.40,219168.36,184191.82,261311.41,0.58,0.50,0.66,nh3,fev1,5,Waist Circumference,False
hispanic,420,376.99,350.30,404.93,220973.38,193540.86,251993.38,0.55,0.48,0.62,nh3,fev1,5,Waist Circumference,False
other,85,388.78,330.08,449.78,235506.84,173464.06,306746.64,0.48,0.17,0.71,nh3,fev1,5,Waist Circumference,False
All,1785,364.54,351.13,377.64,215292.62,201215.27,230509.84,0.63,0.60,0.65,nh4,fev1,5,Waist Circumference,False
white,633,377.66,354.72,399.16,223023.77,198549.64,248968.84,0.66,0.62,0.70,nh4,fev1,5,Waist Circumference,False
black,372,366.73,337.27,397.82,230300.52,195779.67,266355.26,0.44,0.31,0.55,nh4,fev1,5,Waist Circumference,False
asian,88,368.92,312.60,428.54,225017.18,161084.92,304933.85,0.49,0.24,0.66,nh4,fev1,5,Waist Circumference,False
hispanic,629,347.99,326.98,369.69,196454.07,173647.05,220586.18,0.62,0.58,0.67,nh4,fev1,5,Waist Circumference,False
other,63,377.81,315.45,445.53,224255.23,156296.94,315781.18,0.52,0.28,0.69,nh4,fev1,5,Waist Circumference,False
All,43260,320.11,317.64,322.47,175254.21,172085.06,178223.56,0.67,0.66,0.67,ukb_val,fev1,7,Immigrant,True
white,40956,320.11,317.62,322.71,175154.60,171880.70,178278.02,0.66,0.66,0.67,ukb_val,fev1,7,Immigrant,True
black,589,324.88,303.09,347.79,189615.27,161700.98,222939.37,0.51,0.44,0.58,ukb_val,fev1,7,Immigrant,True
asian,1017,306.71,288.88,323.90,167849.06,139123.45,208761.91,0.57,0.51,0.62,ukb_val,fev1,7,Immigrant,True
other,698,336.43,316.72,356.48,182407.99,161457.33,204860.74,0.62,0.56,0.67,ukb_val,fev1,7,Immigrant,True
All,3354,385.39,374.89,395.14,235812.41,224147.79,246842.81,0.59,0.57,0.61,nh,fev1,7,Immigrant,True
white,1330,334.08,320.21,347.98,181951.25,168110.35,196099.04,0.71,0.69,0.74,nh,fev1,7,Immigrant,True
black,739,358.69,337.89,378.27,205499.69,182898.29,228052.97,0.56,0.52,0.61,nh,fev1,7,Immigrant,True
asian,88,374.56,313.51,440.54,223374.85,163849.97,292091.22,0.50,0.30,0.63,nh,fev1,7,Immigrant,True
hispanic,1049,471.46,451.20,491.50,326588.65,302307.42,351113.57,0.36,0.30,0.42,nh,fev1,7,Immigrant,True
other,148,370.53,323.33,420.56,230510.59,173745.81,294575.39,0.52,0.37,0.63,nh,fev1,7,Immigrant,True
All,1569,368.32,354.77,382.17,219370.65,204042.09,235262.12,0.62,0.59,0.65,nh3,fev1,7,Immigrant,True
white,697,319.01,298.87,339.50,169476.51,150133.93,189862.39,0.73,0.69,0.76,nh3,fev1,7,Immigrant,True
black,367,360.55,334.72,387.33,206729.25,178468.13,236922.74,0.61,0.54,0.67,nh3,fev1,7,Immigrant,True
hispanic,420,455.05,424.27,488.01,307282.49,269146.78,349506.23,0.38,0.28,0.47,nh3,fev1,7,Immigrant,True
other,85,376.12,309.91,445.92,248165.88,172915.00,336735.66,0.47,0.21,0.64,nh3,fev1,7,Immigrant,True
All,1785,400.36,386.31,413.66,250470.25,233847.75,265925.90,0.57,0.53,0.60,nh4,fev1,7,Immigrant,True
white,633,350.85,328.64,373.47,196286.50,175043.76,219303.77,0.70,0.66,0.73,nh4,fev1,7,Immigrant,True
black,372,356.63,327.01,386.82,204060.68,171941.23,235465.54,0.51,0.42,0.58,nh4,fev1,7,Immigrant,True
asian,88,374.56,313.51,440.54,223374.85,163849.97,292091.22,0.50,0.30,0.63,nh4,fev1,7,Immigrant,True
hispanic,629,481.32,455.64,508.31,338293.41,306983.93,371188.63,0.35,0.27,0.42,nh4,fev1,7,Immigrant,True
other,63,361.90,302.33,432.30,206764.58,130953.61,306831.25,0.56,0.34,0.72,nh4,fev1,7,Immigrant,True
All,43260,324.47,321.87,326.86,179676.88,176693.49,182837.22,0.66,0.65,0.66,ukb_val,fev1,6,Immigrant,False
white,40956,322.13,319.54,324.82,177103.62,173866.73,180307.59,0.66,0.65,0.66,ukb_val,fev1,6,Immigrant,False
black,589,406.51,380.23,435.80,279488.42,240382.03,324976.34,0.28,0.15,0.40,ukb_val,fev1,6,Immigrant,False
asian,1017,366.79,348.20,385.82,228062.59,198612.98,269770.92,0.41,0.35,0.47,ukb_val,fev1,6,Immigrant,False
other,698,331.18,310.76,350.82,179200.20,156901.78,200835.78,0.62,0.56,0.68,ukb_val,fev1,6,Immigrant,False
All,3354,385.53,375.81,395.92,241836.35,230282.19,254345.47,0.58,0.56,0.61,nh,fev1,6,Immigrant,False
white,1330,345.04,330.01,360.94,196904.38,181590.14,213834.01,0.69,0.66,0.72,nh,fev1,6,Immigrant,False
black,739,382.05,359.94,405.29,239364.90,215754.87,265661.14,0.49,0.42,0.56,nh,fev1,6,Immigrant,False
asian,88,344.37,286.10,403.37,195983.37,138934.68,258349.14,0.56,0.35,0.70,nh,fev1,6,Immigrant,False
hispanic,1049,444.61,424.88,464.13,305772.44,281482.64,331225.90,0.40,0.35,0.46,nh,fev1,6,Immigrant,False
other,148,373.91,327.10,424.67,233826.41,177886.56,301937.67,0.51,0.36,0.63,nh,fev1,6,Immigrant,False
All,1569,368.23,354.64,383.49,225425.71,208684.62,242752.34,0.61,0.58,0.64,nh3,fev1,6,Immigrant,False
white,697,327.19,306.85,349.46,182149.63,158993.54,207897.57,0.71,0.67,0.74,nh3,fev1,6,Immigrant,False
black,367,391.00,361.20,421.76,245031.98,208653.21,285734.29,0.53,0.44,0.62,nh3,fev1,6,Immigrant,False
hispanic,420,412.03,382.14,445.36,274338.25,238520.43,314060.48,0.44,0.36,0.52,nh3,fev1,6,Immigrant,False
other,85,387.90,323.04,455.22,253401.42,173684.06,348134.95,0.45,0.19,0.63,nh3,fev1,6,Immigrant,False
All,1785,400.99,387.00,415.04,256626.42,240343.11,273218.30,0.55,0.52,0.59,nh4,fev1,6,Immigrant,False
white,633,365.21,342.60,388.01,214170.08,191003.18,239098.23,0.67,0.63,0.71,nh4,fev1,6,Immigrant,False
black,372,373.34,342.85,403.60,234427.65,199996.30,271182.61,0.43,0.30,0.54,nh4,fev1,6,Immigrant,False
asian,88,344.37,286.10,403.37,195983.37,138934.68,258349.14,0.56,0.35,0.70,nh4,fev1,6,Immigrant,False
hispanic,629,465.07,440.42,491.44,325524.22,296304.11,357767.23,0.38,0.30,0.45,nh4,fev1,6,Immigrant,False
other,63,355.32,289.71,431.97,207790.78,134957.58,299266.90,0.55,0.32,0.73,nh4,fev1,6,Immigrant,False
All,43260,319.76,317.29,322.09,175015.53,171928.20,177974.31,0.67,0.66,0.67,ukb_val,fev1,8,Income:Poverty,True
white,40956,319.73,317.12,322.32,174837.42,171542.19,177844.45,0.66,0.66,0.67,ukb_val,fev1,8,Income:Poverty,True
black,589,325.21,302.98,348.46,189300.53,160990.36,222956.92,0.51,0.44,0.58,ukb_val,fev1,8,Income:Poverty,True
asian,1017,305.36,288.47,323.25,168118.41,138733.51,210516.04,0.57,0.51,0.62,ukb_val,fev1,8,Income:Poverty,True
other,698,339.20,319.64,359.50,186249.54,165331.16,209204.15,0.61,0.55,0.66,ukb_val,fev1,8,Income:Poverty,True
All,3354,385.73,375.58,395.44,235937.66,224547.26,246578.37,0.59,0.57,0.61,nh,fev1,8,Income:Poverty,True
white,1330,335.68,322.02,350.48,184845.63,170785.63,200458.85,0.71,0.69,0.73,nh,fev1,8,Income:Poverty,True
black,739,354.93,335.12,373.19,197478.80,176822.65,217359.60,0.58,0.54,0.62,nh,fev1,8,Income:Poverty,True
asian,88,391.74,331.89,455.78,232630.90,172363.54,300774.58,0.47,0.28,0.60,nh,fev1,8,Income:Poverty,True
hispanic,1049,471.45,450.85,491.37,328579.21,304761.88,353597.41,0.36,0.30,0.42,nh,fev1,8,Income:Poverty,True
other,148,372.00,323.78,420.24,226872.47,173789.07,285927.36,0.52,0.37,0.64,nh,fev1,8,Income:Poverty,True
All,1569,368.90,355.29,383.07,222181.31,206545.79,238033.49,0.62,0.58,0.65,nh3,fev1,8,Income:Poverty,True
white,697,320.30,299.79,341.58,175741.40,154827.66,198029.47,0.72,0.68,0.75,nh3,fev1,8,Income:Poverty,True
black,367,352.75,326.17,377.46,196306.07,169104.45,223800.15,0.63,0.57,0.68,nh3,fev1,8,Income:Poverty,True
hispanic,420,460.83,429.57,493.29,318776.99,278573.48,364453.51,0.35,0.25,0.45,nh3,fev1,8,Income:Poverty,True
other,85,382.78,320.92,447.92,238206.35,173164.04,315718.17,0.49,0.24,0.65,nh3,fev1,8,Income:Poverty,True
All,1785,400.37,386.31,414.04,248081.85,232235.74,263930.62,0.57,0.54,0.60,nh4,fev1,8,Income:Poverty,True
white,633,352.85,331.71,373.89,195718.33,174237.19,218084.81,0.70,0.66,0.73,nh4,fev1,8,Income:Poverty,True
black,372,356.91,330.08,384.41,198511.29,170097.79,228556.94,0.52,0.43,0.59,nh4,fev1,8,Income:Poverty,True
asian,88,391.74,331.89,455.78,232630.90,172363.54,300774.58,0.47,0.28,0.60,nh4,fev1,8,Income:Poverty,True
hispanic,629,477.93,453.12,504.41,334475.97,305261.89,365544.27,0.36,0.28,0.43,nh4,fev1,8,Income:Poverty,True
other,63,356.84,289.22,428.05,211355.45,131332.30,312775.60,0.55,0.32,0.71,nh4,fev1,8,Income:Poverty,True
All,43260,324.21,321.61,326.59,179462.00,176498.26,182630.95,0.66,0.65,0.67,ukb_val,fev1,7,Income:Poverty,False
white,40956,321.93,319.27,324.48,176961.84,173710.05,180084.09,0.66,0.65,0.67,ukb_val,fev1,7,Income:Poverty,False
black,589,404.23,377.59,433.81,276944.59,237415.01,321977.87,0.29,0.16,0.41,ukb_val,fev1,7,Income:Poverty,False
asian,1017,365.92,348.32,384.93,226539.41,197539.33,266399.10,0.42,0.35,0.48,ukb_val,fev1,7,Income:Poverty,False
other,698,330.85,311.36,349.97,178177.00,156055.67,200085.25,0.63,0.57,0.68,ukb_val,fev1,7,Income:Poverty,False
All,3354,387.50,377.69,397.83,243527.39,231601.50,256064.52,0.58,0.55,0.60,nh,fev1,7,Income:Poverty,False
white,1330,346.06,331.60,361.12,196742.17,181561.21,212981.75,0.69,0.66,0.72,nh,fev1,7,Income:Poverty,False
black,739,384.59,363.73,407.22,242533.03,218782.18,268727.09,0.49,0.41,0.55,nh,fev1,7,Income:Poverty,False
asian,88,350.64,294.28,408.79,194126.49,139788.24,251964.09,0.56,0.37,0.70,nh,fev1,7,Income:Poverty,False
hispanic,1049,448.66,427.96,468.32,310785.93,287128.50,335559.33,0.39,0.33,0.45,nh,fev1,7,Income:Poverty,False
other,148,364.30,319.05,414.49,221036.10,165470.38,286619.02,0.53,0.37,0.67,nh,fev1,7,Income:Poverty,False
All,1569,365.99,352.70,380.69,222804.82,206898.78,240087.98,0.62,0.58,0.64,nh3,fev1,7,Income:Poverty,False
white,697,327.09,305.58,349.38,182553.43,160406.84,207366.74,0.71,0.67,0.74,nh3,fev1,7,Income:Poverty,False
black,367,386.37,356.61,416.71,238738.88,203698.75,276677.25,0.55,0.46,0.62,nh3,fev1,7,Income:Poverty,False
hispanic,420,414.06,383.72,447.59,276355.76,240571.69,316071.05,0.44,0.35,0.52,nh3,fev1,7,Income:Poverty,False
other,85,360.33,299.17,430.16,220871.34,153490.11,305153.57,0.52,0.25,0.71,nh3,fev1,7,Income:Poverty,False
All,1785,406.50,393.01,420.55,261937.91,245723.21,279287.46,0.55,0.51,0.58,nh4,fev1,7,Income:Poverty,False
white,633,367.64,346.54,389.68,213465.72,190761.04,237239.98,0.67,0.63,0.71,nh4,fev1,7,Income:Poverty,False
black,372,382.81,351.26,414.38,246983.96,208842.89,285272.75,0.40,0.26,0.52,nh4,fev1,7,Income:Poverty,False
asian,88,350.64,294.28,408.79,194126.49,139788.24,251964.09,0.56,0.37,0.70,nh4,fev1,7,Income:Poverty,False
hispanic,629,470.65,445.11,496.97,332748.76,303193.35,365949.11,0.36,0.27,0.44,nh4,fev1,7,Income:Poverty,False
other,63,370.15,303.09,448.65,221947.88,139421.48,335509.06,0.52,0.28,0.71,nh4,fev1,7,Income:Poverty,False
All,43260,320.17,317.60,322.55,175318.74,172150.42,178314.16,0.67,0.66,0.67,ukb_val,fev1,9,High School Graduate,True
white,40956,320.12,317.64,322.74,175086.47,171789.18,178246.64,0.66,0.66,0.67,ukb_val,fev1,9,High School Graduate,True
black,589,327.47,305.71,350.33,191062.54,163794.46,226240.58,0.51,0.43,0.58,ukb_val,fev1,9,High School Graduate,True
asian,1017,305.96,288.86,323.64,169155.09,139787.32,210376.25,0.57,0.51,0.62,ukb_val,fev1,9,High School Graduate,True
other,698,338.04,318.15,358.37,186327.42,165160.51,209114.77,0.61,0.55,0.66,ukb_val,fev1,9,High School Graduate,True
All,3354,386.27,376.54,395.90,238702.70,227332.71,249837.47,0.59,0.56,0.61,nh,fev1,9,High School Graduate,True
white,1330,332.39,318.02,346.73,183934.82,169182.07,199922.28,0.71,0.69,0.74,nh,fev1,9,High School Graduate,True
black,739,357.30,338.40,376.05,200721.29,180083.13,221862.97,0.57,0.53,0.62,nh,fev1,9,High School Graduate,True
asian,88,381.14,320.72,442.42,220550.24,164590.47,284200.96,0.50,0.31,0.63,nh,fev1,9,High School Graduate,True
hispanic,1049,476.37,456.02,497.21,337198.33,311998.94,364332.56,0.34,0.28,0.40,nh,fev1,9,High School Graduate,True
other,148,373.37,325.00,422.55,226882.99,175096.10,283553.88,0.52,0.37,0.65,nh,fev1,9,High School Graduate,True
All,1569,366.95,352.67,381.14,219196.55,204129.18,234920.34,0.62,0.59,0.65,nh3,fev1,9,High School Graduate,True
white,697,316.98,297.31,337.93,171440.47,149503.68,193309.01,0.72,0.69,0.76,nh3,fev1,9,High School Graduate,True
black,367,354.52,327.24,379.65,198378.56,170834.29,226484.66,0.62,0.57,0.68,nh3,fev1,9,High School Graduate,True
hispanic,420,458.91,427.76,492.16,313093.82,275225.05,353801.51,0.37,0.27,0.46,nh3,fev1,9,High School Graduate,True
other,85,376.43,311.35,443.41,236925.50,165060.75,321413.40,0.49,0.21,0.67,nh3,fev1,9,High School Graduate,True
All,1785,403.31,388.65,417.48,256056.12,238874.61,272635.38,0.56,0.52,0.59,nh4,fev1,9,High School Graduate,True
white,633,349.62,327.74,371.69,198450.25,175654.25,222186.50,0.70,0.66,0.73,nh4,fev1,9,High School Graduate,True
black,372,360.51,332.71,389.18,203405.98,173023.68,235855.23,0.51,0.41,0.59,nh4,fev1,9,High School Graduate,True
asian,88,381.14,320.72,442.42,220550.24,164590.47,284200.96,0.50,0.31,0.63,nh4,fev1,9,High School Graduate,True
hispanic,629,487.44,461.43,514.97,352554.11,319196.30,388383.00,0.33,0.24,0.40,nh4,fev1,9,High School Graduate,True
other,63,367.87,302.93,438.71,212379.92,143099.92,295779.29,0.54,0.35,0.70,nh4,fev1,9,High School Graduate,True
All,43260,324.19,321.57,326.58,179509.13,176476.40,182611.87,0.66,0.65,0.67,ukb_val,fev1,8,High School Graduate,False
white,40956,321.81,319.33,324.44,176895.58,173650.45,180069.79,0.66,0.65,0.67,ukb_val,fev1,8,High School Graduate,False
black,589,406.65,379.83,435.42,280704.08,240984.30,326285.60,0.28,0.15,0.40,ukb_val,fev1,8,High School Graduate,False
asian,1017,366.49,348.46,385.36,227176.95,197915.15,268283.15,0.42,0.35,0.47,ukb_val,fev1,8,High School Graduate,False
other,698,333.82,314.38,353.37,180920.77,158683.91,203408.62,0.62,0.56,0.67,ukb_val,fev1,8,High School Graduate,False
All,3354,389.34,379.55,399.42,244189.54,232413.55,256755.95,0.58,0.55,0.60,nh,fev1,8,High School Graduate,False
white,1330,346.03,331.61,361.72,196247.35,180603.11,213767.99,0.69,0.66,0.72,nh,fev1,8,High School Graduate,False
black,739,383.08,361.55,405.02,238464.25,214003.17,264307.53,0.49,0.42,0.56,nh,fev1,8,High School Graduate,False
asian,88,347.64,289.87,406.10,194445.41,141314.11,252717.75,0.56,0.37,0.69,nh,fev1,8,High School Graduate,False
hispanic,1049,453.12,432.93,472.71,314036.32,288750.51,340282.96,0.39,0.33,0.45,nh,fev1,8,High School Graduate,False
other,148,382.39,335.00,434.63,239659.24,183829.48,308870.74,0.50,0.35,0.62,nh,fev1,8,High School Graduate,False
All,1569,372.45,358.76,386.83,228051.14,210795.74,245494.45,0.61,0.57,0.64,nh3,fev1,8,High School Graduate,False
white,697,328.26,307.68,349.66,181141.87,158044.69,205384.41,0.71,0.67,0.74,nh3,fev1,8,High School Graduate,False
black,367,387.26,356.70,418.20,237318.42,203894.63,275454.72,0.55,0.46,0.63,nh3,fev1,8,High School Graduate,False
hispanic,420,427.90,396.86,462.70,291756.45,252878.09,335391.28,0.41,0.31,0.50,nh3,fev1,8,High School Graduate,False
other,85,396.08,330.85,465.96,257729.13,174234.92,354622.11,0.45,0.20,0.62,nh3,fev1,8,High School Graduate,False
All,1785,404.32,390.14,418.91,258772.84,242243.83,276735.84,0.55,0.52,0.58,nh4,fev1,8,High School Graduate,False
white,633,365.91,343.72,388.59,213626.18,190431.68,238663.35,0.67,0.63,0.71,nh4,fev1,8,High School Graduate,False
black,372,379.12,350.35,409.81,239854.45,205086.12,276819.85,0.42,0.29,0.53,nh4,fev1,8,High School Graduate,False
asian,88,347.64,289.87,406.10,194445.41,141314.11,252717.75,0.56,0.37,0.69,nh4,fev1,8,High School Graduate,False
hispanic,629,468.86,442.87,495.71,327866.71,297831.23,360598.72,0.37,0.29,0.44,nh4,fev1,8,High School Graduate,False
other,63,364.99,298.74,444.13,216523.40,138681.45,309776.72,0.53,0.30,0.70,nh4,fev1,8,High School Graduate,False
All,43260,320.26,317.70,322.64,175110.27,172024.34,178070.76,0.67,0.66,0.67,ukb_val,fev1,10,Smoke Exposure,True
white,40956,320.26,317.72,322.67,175025.35,171733.97,178155.31,0.66,0.66,0.67,ukb_val,fev1,10,Smoke Exposure,True
black,589,324.00,301.76,346.21,185128.96,156193.39,219142.99,0.53,0.45,0.59,ukb_val,fev1,10,Smoke Exposure,True
asian,1017,306.11,289.02,323.35,167473.64,139111.98,207037.47,0.57,0.52,0.62,ukb_val,fev1,10,Smoke Exposure,True
other,698,339.73,320.05,359.41,185640.61,164929.49,207791.41,0.61,0.56,0.66,ukb_val,fev1,10,Smoke Exposure,True
All,3354,387.47,377.40,397.41,238399.15,226652.07,249476.80,0.59,0.56,0.61,nh,fev1,10,Smoke Exposure,True
white,1330,336.79,322.21,350.95,184876.22,170740.76,199913.79,0.71,0.69,0.73,nh,fev1,10,Smoke Exposure,True
black,739,358.06,337.64,376.63,202768.62,181199.04,224268.36,0.57,0.52,0.62,nh,fev1,10,Smoke Exposure,True
asian,88,378.75,316.47,441.50,226658.14,166110.09,289370.97,0.49,0.31,0.62,nh,fev1,10,Smoke Exposure,True
hispanic,1049,474.00,453.29,493.51,333212.69,308076.15,358701.64,0.35,0.28,0.41,nh,fev1,10,Smoke Exposure,True
other,148,376.46,326.92,428.26,228497.32,173657.64,288589.95,0.52,0.36,0.64,nh,fev1,10,Smoke Exposure,True
All,1569,372.18,357.92,386.24,224998.12,209014.35,241206.32,0.61,0.58,0.64,nh3,fev1,10,Smoke Exposure,True
white,697,324.62,303.92,344.41,175867.59,155190.51,198378.13,0.72,0.68,0.75,nh3,fev1,10,Smoke Exposure,True
black,367,359.42,331.92,386.31,204686.24,176416.14,232369.53,0.61,0.55,0.68,nh3,fev1,10,Smoke Exposure,True
hispanic,420,462.79,429.59,496.72,325014.55,284597.87,368174.09,0.34,0.23,0.44,nh3,fev1,10,Smoke Exposure,True
other,85,370.36,308.35,432.63,222459.66,161079.67,290825.11,0.52,0.27,0.69,nh3,fev1,10,Smoke Exposure,True
All,1785,400.94,386.98,415.10,250396.27,234553.39,266399.47,0.57,0.53,0.60,nh4,fev1,10,Smoke Exposure,True
white,633,350.68,329.50,372.27,195798.23,174722.17,218557.71,0.70,0.66,0.74,nh4,fev1,10,Smoke Exposure,True
black,372,356.37,327.86,384.91,200455.95,171828.23,233830.23,0.51,0.42,0.59,nh4,fev1,10,Smoke Exposure,True
asian,88,378.75,316.47,441.50,226658.14,166110.09,289370.97,0.49,0.31,0.62,nh4,fev1,10,Smoke Exposure,True
hispanic,629,480.80,455.98,506.92,337945.39,307237.25,371181.30,0.35,0.27,0.42,nh4,fev1,10,Smoke Exposure,True
other,63,384.27,318.20,457.73,236629.01,152655.17,346294.62,0.49,0.25,0.68,nh4,fev1,10,Smoke Exposure,True
All,43260,324.35,321.72,326.79,179772.77,176721.09,182922.86,0.66,0.65,0.66,ukb_val,fev1,9,Smoke Exposure,False
white,40956,322.00,319.46,324.66,177152.24,173957.66,180338.64,0.66,0.65,0.66,ukb_val,fev1,9,Smoke Exposure,False
black,589,403.68,376.34,433.23,279008.22,238299.04,324764.94,0.28,0.16,0.41,ukb_val,fev1,9,Smoke Exposure,False
asian,1017,367.69,350.21,386.48,227189.34,198602.73,267668.47,0.42,0.35,0.48,ukb_val,fev1,9,Smoke Exposure,False
other,698,332.77,313.03,352.07,182932.03,160811.11,206235.20,0.62,0.55,0.67,ukb_val,fev1,9,Smoke Exposure,False
All,3354,393.01,383.33,403.71,248124.37,236882.17,260867.59,0.57,0.54,0.60,nh,fev1,9,Smoke Exposure,False
white,1330,350.95,336.00,366.96,201031.34,185596.53,218381.86,0.69,0.66,0.71,nh,fev1,9,Smoke Exposure,False
black,739,375.17,354.12,396.35,228579.36,206442.30,253783.58,0.51,0.45,0.58,nh,fev1,9,Smoke Exposure,False
asian,88,355.53,298.46,412.67,195472.27,142197.94,253705.45,0.56,0.37,0.69,nh,fev1,9,Smoke Exposure,False
hispanic,1049,463.38,443.22,483.40,327028.43,301095.73,353005.98,0.36,0.30,0.42,nh,fev1,9,Smoke Exposure,False
other,148,383.91,335.19,431.71,241610.00,187722.62,302923.75,0.49,0.33,0.61,nh,fev1,9,Smoke Exposure,False
All,1569,372.08,358.01,386.43,227360.71,210868.93,243801.60,0.61,0.57,0.64,nh3,fev1,9,Smoke Exposure,False
white,697,331.72,310.53,353.24,182930.77,160838.72,206107.59,0.71,0.67,0.74,nh3,fev1,9,Smoke Exposure,False
black,367,377.85,347.50,409.13,230595.93,196784.40,271175.15,0.56,0.47,0.64,nh3,fev1,9,Smoke Exposure,False
hispanic,420,429.93,397.59,463.39,293817.74,256088.36,336093.25,0.41,0.30,0.49,nh3,fev1,9,Smoke Exposure,False
other,85,393.27,329.15,459.76,249821.74,176181.97,337694.61,0.46,0.20,0.64,nh3,fev1,9,Smoke Exposure,False
All,1785,411.50,397.58,426.46,266640.17,250412.74,284577.03,0.54,0.50,0.57,nh4,fev1,9,Smoke Exposure,False
white,633,372.46,350.61,395.97,221722.81,197841.36,247672.10,0.66,0.62,0.70,nh4,fev1,9,Smoke Exposure,False
black,372,372.85,344.57,401.87,227342.03,193166.92,261659.26,0.45,0.33,0.55,nh4,fev1,9,Smoke Exposure,False
asian,88,355.53,298.46,412.67,195472.27,142197.94,253705.45,0.56,0.37,0.69,nh4,fev1,9,Smoke Exposure,False
hispanic,629,484.91,460.02,511.58,348386.30,317721.13,383783.60,0.33,0.24,0.41,nh4,fev1,9,Smoke Exposure,False
other,63,370.88,297.58,449.89,230490.09,153360.12,327173.84,0.50,0.27,0.68,nh4,fev1,9,Smoke Exposure,False
